"Team Details","","","","","","Rushing","","","","","","","Advanced","","","","","","","","","","","","","Zone Concept","","","","","","Man/Gap Concept","","","","",""
"Rank","Name","G","Season","Location","Team Name","ATT","YDS","RuYDS/G","YPC","TD","FUM","1D","EXP RUN %","EXP YDS","EXP YDS %","i5 ATT","TD RATE","Success %","STUFF %","MTF","MTF/ATT","YACO","YACO/ATT","YACO %","YBCO/ATT","ATT","ATT %","YDS","TD","YPC","Success %","ATT","ATT %","YDS","TD","YPC","Success %"
"1","Arizona Cardinals","17","2025","Arizona","Cardinals","143","800","47.1","5.59","3","1","32","7.7","312","39.0","8","2.1","50.3","47.6","31","0.22","447","3.13","55.9","2.47","143","100.0","800","3","5.59","50.3","0","","0","0","",""
"2","Chicago Bears","17","2025","Chicago","Bears","162","794","46.7","4.90","6","1","37","4.3","207","26.1","8","3.7","53.1","41.4","29","0.18","389","2.40","49.0","2.50","162","100.0","794","6","4.90","53.1","0","","0","0","",""
"3","Minnesota Vikings","17","2025","Minnesota","Vikings","175","767","45.1","4.38","3","1","37","4.6","165","21.5","5","1.7","52.6","42.3","18","0.10","454","2.59","59.2","1.79","175","100.0","767","3","4.38","52.6","0","","0","0","",""
"4","New Orleans Saints","17","2025","New Orleans","Saints","163","739","43.5","4.53","4","0","33","4.3","170","23.0","3","2.5","46.6","47.9","23","0.14","371","2.28","50.2","2.26","163","100.0","739","4","4.53","46.6","0","","0","0","",""
"5","Cincinnati Bengals","17","2025","Cincinnati","Bengals","120","688","40.5","5.73","2","1","25","8.3","275","40.0","3","1.7","49.2","46.7","24","0.20","377","3.14","54.8","2.59","120","100.0","688","2","5.73","49.2","0","","0","0","",""
"6","Buffalo Bills","17","2025","Buffalo","Bills","120","663","39.0","5.53","4","0","24","5.8","300","45.2","0","3.3","44.2","52.5","13","0.11","350","2.92","52.8","2.61","120","100.0","663","4","5.53","44.2","0","","0","0","",""
"7","Pittsburgh Steelers","17","2025","Pittsburgh","Steelers","143","657","38.6","4.59","0","3","31","7.7","231","35.2","3","","45.5","52.4","19","0.13","315","2.20","47.9","2.39","143","100.0","657","0","4.59","45.5","0","","0","0","",""
"8","Carolina Panthers","17","2025","Carolina","Panthers","149","650","38.2","4.36","5","1","31","4.0","121","18.6","5","3.4","44.3","48.3","26","0.17","269","1.81","41.4","2.56","149","100.0","650","5","4.36","44.3","0","","0","0","",""
"9","New York Jets","17","2025","New York","Jets","137","633","37.2","4.62","2","4","29","3.6","126","19.9","3","1.5","47.4","47.4","21","0.15","377","2.75","59.6","1.87","137","100.0","633","2","4.62","47.4","0","","0","0","",""
"10","Los Angeles Rams","17","2025","Los Angeles","Rams","125","624","36.7","4.99","1","0","26","4.8","199","31.9","2","0.8","46.4","46.4","25","0.20","407","3.26","65.2","1.74","125","100.0","624","1","4.99","46.4","0","","0","0","",""
"11","Philadelphia Eagles","17","2025","Philadelphia","Eagles","134","616","36.2","4.60","1","1","31","6.7","175","28.4","4","0.7","44.8","49.3","18","0.13","369","2.75","59.9","1.84","134","100.0","616","1","4.60","44.8","0","","0","0","",""
"12","Kansas City Chiefs","17","2025","Kansas City","Chiefs","139","601","35.4","4.32","3","3","26","3.6","142","23.6","1","2.2","51.8","43.2","16","0.12","267","1.92","44.4","2.40","139","100.0","601","3","4.32","51.8","0","","0","0","",""
"13","Indianapolis Colts","17","2025","Indianapolis","Colts","144","591","34.8","4.10","4","3","32","4.2","112","19.0","5","2.8","51.4","46.5","14","0.10","296","2.06","50.1","2.05","144","100.0","591","4","4.10","51.4","0","","0","0","",""
"14","Washington Commanders","17","2025","Washington","Commanders","114","542","31.9","4.75","3","2","29","3.5","77","14.2","2","2.6","47.4","47.4","23","0.20","270","2.37","49.8","2.39","114","100.0","542","3","4.75","47.4","0","","0","0","",""
"15","San Francisco 49ers","17","2025","San Francisco","49ers","92","517","30.4","5.62","3","1","26","8.7","178","34.4","1","3.3","59.8","33.7","19","0.21","173","1.88","33.5","3.74","92","100.0","517","3","5.62","59.8","0","","0","0","",""
"16","Green Bay Packers","17","2025","Green Bay","Packers","119","514","30.2","4.32","2","0","20","4.2","114","22.2","3","1.7","47.1","46.2","20","0.17","248","2.08","48.2","2.24","119","100.0","514","2","4.32","47.1","0","","0","0","",""
"17","Detroit Lions","17","2025","Detroit","Lions","117","469","27.6","4.01","4","0","18","4.3","142","30.3","4","3.4","40.2","53.0","13","0.11","185","1.58","39.4","2.43","117","100.0","469","4","4.01","40.2","0","","0","0","",""
"18","Miami Dolphins","17","2025","Miami","Dolphins","106","461","27.1","4.35","2","2","17","5.7","162","35.1","1","1.9","37.7","60.4","14","0.13","309","2.92","67.0","1.43","106","100.0","461","2","4.35","37.7","0","","0","0","",""
"19","Cleveland Browns","17","2025","Cleveland","Browns","106","432","25.4","4.08","4","0","16","3.8","110","25.5","5","3.8","41.5","55.7","15","0.14","226","2.13","52.3","1.94","106","100.0","432","4","4.08","41.5","0","","0","0","",""
"20","New York Giants","17","2025","New York","Giants","87","428","25.2","4.92","3","1","17","8.0","162","37.9","4","3.4","47.1","50.6","23","0.26","231","2.66","54.0","2.26","87","100.0","428","3","4.92","47.1","0","","0","0","",""
"21","Tampa Bay Buccaneers","17","2025","Tampa Bay","Buccaneers","101","426","25.1","4.22","2","1","15","5.9","169","39.7","1","2.0","38.6","55.4","15","0.15","182","1.80","42.7","2.42","101","100.0","426","2","4.22","38.6","0","","0","0","",""
"22","Dallas Cowboys","17","2025","Dallas","Cowboys","87","424","24.9","4.87","1","2","17","5.7","141","33.3","1","1.1","51.7","46.5","16","0.18","179","2.06","42.2","2.82","87","100.0","424","1","4.87","51.7","0","","0","0","",""
"23","Tennessee Titans","17","2025","Tennessee","Titans","101","416","24.5","4.12","5","0","19","5.9","145","34.9","2","5.0","39.6","58.4","16","0.16","240","2.38","57.7","1.74","101","100.0","416","5","4.12","39.6","0","","0","0","",""
"24","Los Angeles Chargers","17","2025","Los Angeles","Chargers","91","402","23.6","4.42","2","1","16","6.6","167","41.5","4","2.2","38.5","57.1","15","0.16","186","2.04","46.3","2.37","91","100.0","402","2","4.42","38.5","0","","0","0","",""
"25","Baltimore Ravens","17","2025","Baltimore","Ravens","112","395","23.2","3.53","3","2","18","4.5","80","20.3","3","2.7","43.8","54.5","19","0.17","247","2.21","62.5","1.32","112","100.0","395","3","3.53","43.8","0","","0","0","",""
"26","Jacksonville Jaguars","17","2025","Jacksonville","Jaguars","92","375","22.1","4.08","1","1","13","3.3","72","19.2","0","1.1","48.9","46.7","10","0.11","183","1.99","48.8","2.09","92","100.0","375","1","4.08","48.9","0","","0","0","",""
"27","Las Vegas Raiders","17","2025","Las Vegas","Raiders","107","374","22.0","3.50","1","0","17","3.7","76","20.3","5","0.9","41.1","56.1","24","0.22","225","2.10","60.2","1.39","107","100.0","374","1","3.50","41.1","0","","0","0","",""
"28","New England Patriots","17","2025","New England","Patriots","104","336","19.8","3.23","2","1","16","2.9","65","19.3","5","1.9","47.1","48.1","14","0.13","189","1.82","56.3","1.41","104","100.0","336","2","3.23","47.1","0","","0","0","",""
"29","Seattle Seahawks","17","2025","Seattle","Seahawks","100","333","19.6","3.33","0","2","10","1.0","34","10.2","5","","43.0","54.0","14","0.14","203","2.03","61.0","1.30","100","100.0","333","0","3.33","43.0","0","","0","0","",""
"30","Atlanta Falcons","17","2025","Atlanta","Falcons","73","253","14.9","3.47","0","0","11","1.4","16","6.3","1","","38.4","53.4","9","0.12","150","2.05","59.3","1.41","73","100.0","253","0","3.47","38.4","0","","0","0","",""
"31","Denver Broncos","17","2025","Denver","Broncos","67","224","13.2","3.34","0","0","10","3.0","35","15.6","0","","46.3","50.7","11","0.16","157","2.34","70.1","1.00","67","100.0","224","0","3.34","46.3","0","","0","0","",""
"32","Houston Texans","17","2025","Houston","Texans","61","213","12.5","3.49","1","0","9","1.6","20","9.4","1","1.6","45.9","50.8","6","0.10","149","2.44","70.0","1.05","61","100.0","213","1","3.49","45.9","0","","0","0","",""