"Player Details","","","","","","Rushing","","","","","","","Advanced","","","","","","","","","","","","","Zone Concept","","","","","","Man/Gap Concept","","","","","","FPTS","","",""
"Rank","Name","Team","POS","G","Season","ATT","YDS","RuYDS/G","YPC","TD","FUM","1D","EXP RUN %","EXP YDS","EXP YDS %","i5 %","TD RATE","Success %","STUFF %","MTF","MTF/ATT","YACO","YACO/ATT","YACO %","YBCO/ATT","ATT","ATT %","YDS","TD","YPC","Success %","ATT","ATT %","YDS","TD","YPC","Success %","FP/G","FP","XFP","XFP/G"
"1","Justin Herbert","LAC","QB","16","2025","49","439","27.4","8.96","1","1","20","20.4","241","54.9","100.0","2.0","65.3","18.4","5","0.10","81","1.65","18.5","0.00","0","","0","0","","","0","","0","0","","","3.1","49.9","34.8","2.2"
"2","Drake Maye","NE","QB","17","2025","62","429","25.2","6.92","3","0","27","11.3","130","30.3","100.0","4.8","59.7","25.8","11","0.18","66","1.06","15.4","0.00","0","","0","0","","","0","","0","0","","","3.6","60.9","35.6","2.1"
"3","Josh Allen","BUF","QB","17","2025","48","426","25.1","8.88","3","1","17","16.7","202","47.4","100.0","6.3","70.8","16.7","9","0.19","90","1.88","21.1","0.00","0","","0","0","","","0","","0","0","","","3.6","60.6","30.3","1.8"
"4","Patrick Mahomes","KC","QB","14","2025","52","420","30.0","8.08","3","0","25","11.5","98","23.3","0.0","5.8","67.3","13.5","4","0.08","63","1.21","15.0","0.00","0","","0","0","","","0","","0","0","","","4.3","60.0","27.7","2.0"
"5","Baker Mayfield","TB","QB","17","2025","42","373","21.9","8.88","1","0","25","21.4","185","49.6","100.0","2.4","69.0","16.7","9","0.21","69","1.64","18.5","0.00","0","","0","0","","","0","","0","0","","","2.5","43.3","23.4","1.4"
"6","Caleb Williams","CHI","QB","17","2025","43","363","21.4","8.44","2","0","21","9.3","84","23.1","0.0","4.7","79.1","18.6","5","0.12","25","0.58","6.9","0.00","0","","0","0","","","0","","0","0","","","2.8","48.3","27.4","1.6"
"7","Trevor Lawrence","JAX","QB","17","2025","42","309","18.2","7.36","4","0","19","11.9","91","29.4","100.0","9.5","61.9","16.7","8","0.19","72","1.71","23.3","0.00","0","","0","0","","","0","","0","0","","","3.2","54.9","28.1","1.7"
"8","Bo Nix","DEN","QB","17","2025","36","307","18.1","8.53","3","0","11","11.1","86","28.0","0.0","8.3","63.9","11.1","6","0.17","18","0.50","5.9","0.00","0","","0","0","","","0","","0","0","","","2.9","48.7","18.3","1.1"
"9","Jaxson Dart","NYG","QB","14","2025","38","290","20.7","7.63","2","0","20","13.2","104","35.9","50.0","5.3","78.9","18.4","4","0.11","51","1.34","17.6","0.00","0","","0","0","","","0","","0","0","","","2.9","41.0","19.7","1.4"
"10","Jalen Hurts","PHI","QB","16","2025","40","266","16.6","6.65","2","1","15","7.5","60","22.6","100.0","5.0","60.0","15.0","1","0.03","32","0.80","12.0","0.00","0","","0","0","","","0","","0","0","","","2.4","38.6","24.7","1.5"
"11","Jayden Daniels","WAS","QB","7","2025","38","246","35.1","6.47","0","0","10","5.3","33","13.4","0.0","","57.9","18.4","2","0.05","35","0.92","14.2","0.00","0","","0","0","","","0","","0","0","","","3.5","24.6","20.0","2.9"
"12","Justin Fields","NYJ","QB","9","2025","28","242","26.9","8.64","1","1","9","10.7","89","36.8","0.0","3.6","53.6","21.4","5","0.18","15","0.54","6.2","0.00","0","","0","0","","","0","","0","0","","","3.2","29.2","16.1","1.8"
"13","Bryce Young","CAR","QB","16","2025","33","220","13.8","6.67","2","1","15","9.1","61","27.7","100.0","6.1","66.7","15.2","3","0.09","20","0.61","9.1","0.00","0","","0","0","","","0","","0","0","","","2.1","33.0","22.9","1.4"
"14","Lamar Jackson","BLT","QB","13","2025","30","219","16.8","7.30","1","0","13","6.7","36","16.4","0.0","3.3","60.0","30.0","2","0.07","43","1.43","19.6","0.00","0","","0","0","","","0","","0","0","","","2.1","27.9","17.7","1.4"
"15","C.J. Stroud","HST","QB","14","2025","25","194","13.9","7.76","0","0","9","12.0","64","33.0","0.0","","60.0","16.0","4","0.16","13","0.52","6.7","0.00","0","","0","0","","","0","","0","0","","","1.4","19.4","12.7","0.9"
"16","Jordan Love","GB","QB","15","2025","24","183","12.2","7.63","0","1","10","8.3","49","26.8","100.0","","70.8","8.3","6","0.25","33","1.38","18.0","0.00","0","","0","0","","","0","","0","0","","","1.2","18.3","14.2","0.9"
"17","Dak Prescott","DAL","QB","17","2025","26","176","10.4","6.77","1","0","10","","0","","50.0","3.8","69.2","23.1","1","0.04","15","0.58","8.5","0.00","0","","0","0","","","0","","0","0","","","1.4","23.6","16.8","1.0"
"18","Shedeur Sanders","CLV","QB","8","2025","18","167","20.9","9.28","1","0","6","11.1","31","18.6","0.0","5.6","72.2","","3","0.17","22","1.22","13.2","0.00","0","","0","0","","","0","","0","0","","","2.8","22.7","9.5","1.2"
"19","Marcus Mariota","WAS","QB","11","2025","18","163","14.8","9.06","1","2","6","11.1","66","40.5","100.0","5.6","50.0","11.1","0","","18","1.00","11.0","0.00","0","","0","0","","","0","","0","0","","","1.9","21.3","14.0","1.3"
"20","J.J. McCarthy","MIN","QB","10","2025","17","156","15.6","9.18","2","0","8","17.6","58","37.2","0.0","11.8","64.7","11.8","3","0.18","13","0.76","8.3","0.00","0","","0","0","","","0","","0","0","","","2.8","27.6","11.1","1.1"
"21","Cam Ward","TEN","QB","17","2025","23","151","8.9","6.57","0","0","9","4.3","20","13.2","100.0","","65.2","30.4","2","0.09","30","1.30","19.9","0.00","0","","0","0","","","0","","0","0","","","0.9","15.1","14.0","0.8"
"22","Jacoby Brissett","ARZ","QB","14","2025","22","149","10.6","6.77","0","0","8","9.1","30","20.1","100.0","","54.5","18.2","0","","12","0.55","8.1","0.00","0","","0","0","","","0","","0","0","","","1.1","14.9","13.8","1.0"
"23","Daniel Jones","IND","QB","13","2025","22","148","11.4","6.73","1","1","8","13.6","53","35.8","100.0","4.5","54.5","22.7","1","0.05","22","1.00","14.9","0.00","0","","0","0","","","0","","0","0","","","1.6","20.8","12.3","0.9"
"24","Kyler Murray","ARZ","QB","5","2025","16","142","28.4","8.88","1","0","8","12.5","59","41.5","0.0","6.3","56.3","18.8","7","0.44","35","2.19","24.6","0.00","0","","0","0","","","0","","0","0","","","4.0","20.2","9.6","1.9"
"25","Tyrod Taylor","NYJ","QB","6","2025","22","141","23.5","6.41","1","0","9","4.5","15","10.6","0.0","4.5","54.5","22.7","5","0.23","30","1.36","21.3","0.00","0","","0","0","","","0","","0","0","","","3.4","20.1","10.4","1.7"
"26","Brock Purdy","SF","QB","9","2025","18","131","14.6","7.28","1","0","6","5.6","26","19.8","0.0","5.6","50.0","16.7","3","0.17","19","1.06","14.5","0.00","0","","0","0","","","0","","0","0","","","2.1","19.1","11.3","1.3"
"27","Tyler Shough","NO","QB","11","2025","20","125","11.4","6.25","2","0","6","5.0","29","23.2","100.0","10.0","60.0","25.0","1","0.05","1","0.05","0.8","0.00","0","","0","0","","","0","","0","0","","","2.2","24.5","17.3","1.6"
"28","Spencer Rattler","NO","QB","9","2025","16","114","12.7","7.13","0","1","9","6.3","15","13.2","0.0","","87.5","12.5","4","0.25","28","1.75","24.6","0.00","0","","0","0","","","0","","0","0","","","1.2","10.4","10.1","1.1"
"29","Geno Smith","LV","QB","15","2025","18","109","7.3","6.06","0","0","6","11.1","35","32.1","100.0","","55.6","33.3","3","0.17","9","0.50","8.3","0.00","0","","0","0","","","0","","0","0","","","0.7","10.9","12.2","0.8"
"30","Russell Wilson","NYG","QB","6","2025","12","91","15.2","7.58","0","1","4","16.7","30","33.0","100.0","","50.0","33.3","0","","19","1.58","20.9","0.00","0","","0","0","","","0","","0","0","","","1.5","9.1","7.6","1.3"
"31","Sam Darnold","SEA","QB","17","2025","14","89","5.2","6.36","0","1","6","7.1","24","27.0","0.0","","64.3","14.3","0","","10","0.71","11.2","0.00","0","","0","0","","","0","","0","0","","","0.5","8.9","8.0","0.5"
"32","Dillon Gabriel","CLV","QB","10","2025","11","89","8.9","8.09","0","0","4","18.2","34","38.2","0.0","","54.5","18.2","4","0.36","9","0.82","10.1","0.00","0","","0","0","","","0","","0","0","","","0.9","8.9","6.2","0.6"
"33","Tyler Huntley","BLT","QB","5","2025","7","84","16.8","12.00","0","0","5","28.6","48","57.1","0.0","","85.7","","0","","8","1.14","9.5","0.00","0","","0","0","","","0","","0","0","","","1.7","8.4","5.1","1.0"
"34","Michael Penix","ATL","QB","9","2025","13","77","8.6","5.92","1","0","5","7.7","15","19.5","100.0","7.7","61.5","","1","0.08","4","0.31","5.2","0.00","0","","0","0","","","0","","0","0","","","1.5","13.7","8.6","1.0"
"35","Trey Lance","LAC","QB","4","2025","7","75","18.8","10.71","0","0","3","28.6","37","49.3","0.0","","57.1","14.3","0","","11","1.57","14.7","0.00","0","","0","0","","","0","","0","0","","","1.9","7.5","3.1","0.8"
"36","Aaron Rodgers","PIT","QB","16","2025","12","68","4.3","5.67","1","1","4","8.3","20","29.4","100.0","8.3","50.0","25.0","0","","11","0.92","16.2","0.00","0","","0","0","","","0","","0","0","","","0.8","12.8","11.0","0.7"
"37","Malik Willis","GB","QB","4","2025","9","67","16.8","7.44","1","0","4","","0","","0.0","11.1","88.9","11.1","1","0.11","9","1.00","13.4","0.00","0","","0","0","","","0","","0","0","","","3.2","12.7","6.4","1.6"
"38","Davis Mills","HST","QB","6","2025","7","58","9.7","8.29","1","0","2","","0","","0.0","14.3","57.1","","0","","9","1.29","15.5","0.00","0","","0","0","","","0","","0","0","","","2.0","11.8","3.4","0.6"
"39","Carson Wentz","MIN","QB","5","2025","9","57","11.4","6.33","0","0","3","11.1","16","28.1","0.0","","33.3","33.3","3","0.33","21","2.33","36.8","0.00","0","","0","0","","","0","","0","0","","","1.1","5.7","9.1","1.8"
"40","Mac Jones","SF","QB","11","2025","8","55","5.0","6.88","0","0","1","","0","","100.0","","62.5","25.0","1","0.13","4","0.50","7.3","0.00","0","","0","0","","","0","","0","0","","","0.5","5.5","5.8","0.5"
"41","Josh Johnson","WAS","QB","5","2025","8","54","10.8","6.75","1","0","4","","0","","100.0","12.5","62.5","","2","0.25","19","2.38","35.2","0.00","0","","0","0","","","0","","0","0","","","2.3","11.4","6.1","1.2"
"42","Jared Goff","DET","QB","17","2025","5","48","2.8","9.60","0","0","2","20.0","24","50.0","0.0","","80.0","","0","","0","","","0.00","0","","0","0","","","0","","0","0","","","0.3","4.8","3.0","0.2"
"43","Brady Cook","NYJ","QB","5","2025","7","44","8.8","6.29","0","0","1","","0","","0.0","","42.9","28.6","0","","3","0.43","6.8","0.00","0","","0","0","","","0","","0","0","","","0.9","4.4","3.9","0.8"
"44","Tua Tagovailoa","MIA","QB","14","2025","11","44","3.1","4.00","0","0","1","","0","","0.0","","27.3","27.3","0","","0","","","0.00","0","","0","0","","","0","","0","0","","","0.3","4.4","4.8","0.3"
"45","Jake Browning","CIN","QB","5","2025","4","31","6.2","7.75","0","0","2","","0","","0.0","","50.0","","1","0.25","8","2.00","25.8","0.00","0","","0","0","","","0","","0","0","","","0.6","3.1","1.5","0.3"
"46","Joe Flacco","CLV, CIN","QB","13","2025","4","30","2.3","7.50","0","0","3","","0","","0.0","","75.0","","0","","1","0.25","3.3","0.00","0","","0","0","","","0","","0","0","","","0.2","3.0","3.9","0.3"
"47","Riley Leonard","IND","QB","5","2025","3","26","5.2","8.67","1","0","3","","0","","0.0","33.3","100.0","","0","","0","","","0.00","0","","0","0","","","0","","0","0","","","1.7","8.6","2.3","0.5"
"48","Joe Burrow","CIN","QB","8","2025","8","26","3.3","3.25","0","0","0","","0","","0.0","","12.5","62.5","0","","8","1.00","30.8","0.00","0","","0","0","","","0","","0","0","","","0.3","2.6","3.6","0.5"
"49","Kenny Pickett","LV","QB","6","2025","3","23","3.8","7.67","0","0","3","","0","","0.0","","100.0","","0","","3","1.00","13.0","0.00","0","","0","0","","","0","","0","0","","","0.4","2.3","1.5","0.3"
"50","Joe Milton","DAL","QB","4","2025","3","22","5.5","7.33","0","1","0","","0","","100.0","","66.7","33.3","1","0.33","3","1.00","13.6","0.00","0","","0","0","","","0","","0","0","","","0.3","1.2","2.8","0.7"
"51","Matthew Stafford","LA","QB","17","2025","7","22","1.3","3.14","0","0","0","","0","","0.0","","14.3","57.1","0","","4","0.57","18.2","0.00","0","","0","0","","","0","","0","0","","","0.1","2.2","3.4","0.2"
"52","Quinn Ewers","MIA","QB","4","2025","3","21","5.3","7.00","0","0","1","","0","","0.0","","100.0","","1","0.33","0","","","0.00","0","","0","0","","","0","","0","0","","","0.5","2.1","1.4","0.4"
"53","Chris Oladokun","KC","QB","3","2025","4","18","6.0","4.50","0","0","0","","0","","0.0","","75.0","25.0","1","0.25","2","0.50","11.1","0.00","0","","0","0","","","0","","0","0","","","0.6","1.8","2.4","0.8"
"54","Clayton Tune","GB","QB","2","2025","2","17","8.5","8.50","0","0","1","50.0","16","94.1","0.0","","50.0","50.0","1","0.50","0","","","0.00","0","","0","0","","","0","","0","0","","","0.9","1.7","1.0","0.5"
"55","Max Brosmer","MIN","QB","7","2025","2","16","2.3","8.00","0","0","1","","0","","0.0","","100.0","","0","","0","","","0.00","0","","0","0","","","0","","0","0","","","0.2","1.6","1.1","0.2"
"56","Mitchell Trubisky","BUF","QB","4","2025","2","13","3.3","6.50","0","0","0","","0","","0.0","","50.0","","0","","6","3.00","46.2","0.00","0","","0","0","","","0","","0","0","","","0.3","1.3","1.2","0.3"
"57","Tanner McKee","PHI","QB","4","2025","3","12","3.0","4.00","0","0","1","","0","","0.0","","33.3","66.7","0","","13","4.33","108.3","0.00","0","","0","0","","","0","","0","0","","","0.3","1.2","2.2","0.5"
"58","Jameis Winston","NYG","QB","3","2025","1","11","3.7","11.00","0","0","1","","0","","0.0","","100.0","","0","","0","","","0.00","0","","0","0","","","0","","0","0","","","0.4","1.1","0.9","0.3"
"59","Gardner Minshew","KC","QB","4","2025","1","8","2.0","8.00","0","0","0","","0","","0.0","","","","0","","4","4.00","50.0","0.00","0","","0","0","","","0","","0","0","","","0.2","0.8","0.6","0.1"
"60","Kirk Cousins","ATL","QB","10","2025","2","8","0.8","4.00","0","0","1","","0","","0.0","","50.0","50.0","0","","2","1.00","25.0","0.00","0","","0","0","","","0","","0","0","","","0.1","0.8","0.8","0.1"
"61","Aidan O'Connell","LV","QB","1","2025","1","7","7.0","7.00","0","0","0","","0","","0.0","","","","0","","0","","","0.00","0","","0","0","","","0","","0","0","","","0.7","0.7","0.2","0.2"
"62","Tyson Bagent","CHI","QB","3","2025","1","7","2.3","7.00","0","0","0","","0","","0.0","","100.0","","0","","0","","","0.00","0","","0","0","","","0","","0","0","","","0.2","0.7","0.5","0.2"
"63","Teddy Bridgewater","TB","QB","4","2025","1","6","1.5","6.00","0","0","0","","0","","0.0","","","","0","","2","2.00","33.3","0.00","0","","0","0","","","0","","0","0","","","0.2","0.6","1.9","0.5"
"64","Shane Buechele","KC","QB","1","2025","1","4","4.0","4.00","0","0","0","","0","","0.0","","","","1","1.00","0","","","0.00","0","","0","0","","","0","","0","0","","","0.4","0.4","0.0","0.0"
"65","Zach Wilson","MIA","QB","4","2025","1","3","0.8","3.00","0","0","0","","0","","0.0","","","100.0","0","","0","","","0.00","0","","0","0","","","0","","0","0","","","0.1","0.3","0.5","0.1"
"66","Mason Rudolph","PIT","QB","5","2025","1","3","0.6","3.00","0","0","0","","0","","0.0","","100.0","","0","","0","","","0.00","0","","0","0","","","0","","0","0","","","0.1","0.3","1.4","0.3"
"67","Joshua Dobbs","NE","QB","4","2025","1","2","0.5","2.00","0","0","0","","0","","0.0","","","100.0","0","","0","","","0.00","0","","0","0","","","0","","0","0","","","0.1","0.2","0.3","0.1"
"68","Andy Dalton","CAR","QB","4","2025","1","1","0.3","1.00","0","1","0","","0","","0.0","","","100.0","0","","1","1.00","100.0","0.00","0","","0","0","","","0","","0","0","","","-0.2","-0.9","0.8","0.2"