"Player Details","","","","","","Receiving","","","","","","","","","","","","","","","","","","","","","","","Advanced","","","","","","","","","","","","","","","","","","","","","","","","","","","FPTS","","","","","",""
"Rank","Name","Team","POS","G","Season","RTE","RTE %","aDOT","AY","AY Share","TGT","TGT/G","TGT %","TPRR","REC","CR %","YDS","RecYDS/G","TM YDS %","YPRR","YPT","YPR","YAC","YAC/REC","YACO","YACO/REC","TD","TM TD %","i20 TGT","EZTGT","EZTD","DP TGT","1READ","1READ %","MTF","MTF/REC","1D","1D/RR","DRP","DRP %","CTGT","CTGT %","DESIGN","DESIGN %","CT","CC","CC %","HERO","RATE","THREAT","YPTOE","WIDE RTE %","SLOT RTE %","INLINE RTE %","BACK RTE %","FP/RR","FP/G","FP","XFP","XFP/G","XFP/RR","RecXFP"
"1","Bucky Irving","TB","RB","10","2025","13","100.0","1.6","8","9.5","5","0.5","45.5","0.38","5","100.0","131","13.1","66.2","10.08","26.20","26.20","123","24.60","23","4.60","2","100.0","0","0","0","1","1","33.3","7","1.40","4","0.308","0","","5","100.0","1","20.0","0","0","0.0","0","158.3","50.0","19.3","","","","100.0","2.32","3.0","30.1","7.2","0.7","0.55","7.2"
"2","Jaylen Warren","PIT","RB","16","2025","24","85.7","-0.2","-2","-2.1","10","0.6","37.0","0.42","7","70.0","108","6.8","53.5","4.50","10.80","15.43","115","16.43","77","11.00","0","0.0","1","0","0","0","3","18.8","7","1.00","4","0.167","0","","7","70.0","2","20.0","0","0","0.0","0","105.4","38.5","5.2","","","","100.0","0.74","1.1","17.8","13.2","0.8","0.55","13.2"
"3","Dylan Sampson","CLV","RB","15","2025","15","78.9","-2.2","-11","-19.6","5","0.3","31.3","0.33","4","80.0","90","6.0","64.3","6.00","18.00","22.50","102","25.50","4","1.00","1","100.0","0","0","0","0","1","12.5","1","0.25","1","0.067","0","","4","80.0","1","20.0","0","0","0.0","0","158.3","35.7","12.3","","","","100.0","1.27","1.3","19.0","7.1","0.5","0.47","7.1"
"4","Christian McCaffrey","SF","RB","17","2025","43","89.6","1.1","21","8.7","19","1.1","41.3","0.44","13","68.4","83","4.9","29.1","1.93","4.37","6.38","71","5.46","19","1.46","0","0.0","1","0","0","0","7","26.9","2","0.15","2","0.047","3","15.8","16","84.2","5","26.3","2","1","50.0","0","37.7","42.2","-2.1","","","","100.0","0.50","1.3","21.3","27.8","1.6","0.65","27.8"
"5","RJ Harvey","DEN","RB","17","2025","18","66.7","-0.1","-1","-0.8","7","0.4","28.0","0.39","7","100.0","65","3.8","36.9","3.61","9.29","9.29","66","9.43","15","2.14","0","0.0","0","0","0","0","1","6.7","4","0.57","1","0.056","0","","7","100.0","0","","0","0","0.0","0","105.4","29.2","3.4","","","","100.0","0.75","0.8","13.5","9.6","0.6","0.54","9.6"
"6","Josh Jacobs","GB","RB","15","2025","31","91.2","0.0","0","0.0","6","0.4","19.4","0.19","5","83.3","52","3.5","23.6","1.68","8.67","10.40","50","10.00","17","3.40","0","0.0","0","0","0","0","1","5.0","2","0.40","2","0.065","0","","5","83.3","0","","0","0","0.0","0","102.8","20.0","2.4","","","","100.0","0.33","0.7","10.2","8.5","0.6","0.28","8.5"
"7","David Montgomery","DET","RB","17","2025","15","88.2","-0.2","-1","-2.2","6","0.4","40.0","0.40","6","100.0","49","2.9","47.1","3.27","8.17","8.17","50","8.33","30","5.00","0","0.0","0","0","0","0","2","18.2","2","0.33","4","0.267","0","","6","100.0","1","16.7","1","1","100.0","0","100.7","40.0","2.0","","","","100.0","0.73","0.6","10.9","8.5","0.5","0.56","8.5"
"8","Chase Brown","CIN","RB","17","2025","39","86.7","-0.6","-7","-2.6","12","0.7","28.6","0.31","11","91.7","49","2.9","14.7","1.26","4.08","4.45","81","7.36","27","2.45","0","0.0","1","1","0","1","5","17.9","4","0.36","1","0.026","0","","12","100.0","3","25.0","1","0","0.0","1","83.7","29.3","-1.5","","","","100.0","0.41","0.9","15.9","18.7","1.1","0.48","18.7"
"9","Tyjae Spears","TEN","RB","13","2025","29","85.3","-3.9","-27","-16.5","7","0.5","21.2","0.24","7","100.0","48","3.7","23.0","1.66","6.86","6.86","75","10.71","11","1.57","0","0.0","0","0","0","0","4","20.0","3","0.43","2","0.069","0","","7","100.0","3","42.9","0","0","0.0","0","95.2","26.9","1.4","","","","100.0","0.41","0.9","11.8","9.7","0.7","0.34","9.7"
"10","D'Andre Swift","CHI","RB","16","2025","20","80.0","-2.6","-21","-20.0","8","0.5","36.4","0.40","6","75.0","47","2.9","21.4","2.35","5.88","7.83","65","10.83","13","2.17","0","0.0","0","0","0","0","3","23.1","1","0.17","2","0.100","0","","6","75.0","3","37.5","0","0","0.0","0","89.1","40.0","0.3","","","","100.0","0.54","0.7","10.7","12.5","0.8","0.63","12.5"
"11","Isaiah Davis","NYJ","RB","16","2025","16","84.2","3.7","11","6.7","3","0.2","20.0","0.19","3","100.0","40","2.5","46.0","2.50","13.33","13.33","29","9.67","7","2.33","0","0.0","0","0","0","0","1","14.3","0","","2","0.125","0","","3","100.0","0","","0","0","0.0","0","118.8","21.4","6.6","","","","100.0","0.44","0.4","7.0","4.1","0.3","0.26","4.1"
"12","Zach Charbonnet","SEA","RB","16","2025","19","76.0","1.5","6","3.2","4","0.3","16.0","0.21","4","100.0","39","2.4","20.7","2.05","9.75","9.75","33","8.25","15","3.75","0","0.0","0","0","0","0","1","5.6","0","","2","0.105","0","","4","100.0","1","25.0","0","0","0.0","0","107.3","16.0","3.4","","","","100.0","0.42","0.5","7.9","5.4","0.3","0.29","5.4"
"13","Jahmyr Gibbs","DET","RB","17","2025","32","91.4","-3.3","-26","-20.0","8","0.5","23.5","0.25","6","75.0","38","2.2","13.4","1.19","4.75","6.33","51","8.50","12","2.00","0","0.0","0","0","0","0","7","28.0","0","","3","0.094","1","12.5","7","87.5","4","50.0","0","0","0.0","0","84.4","25.8","-0.7","","","","100.0","0.31","0.6","9.8","11.8","0.7","0.37","11.8"
"14","Ameer Abdullah","IND","RB","13","2025","12","100.0","-1.2","-6","-40.0","5","0.4","45.5","0.42","5","100.0","38","2.9","57.6","3.17","7.60","7.60","44","8.80","10","2.00","0","0.0","1","0","0","0","2","33.3","1","0.20","1","0.083","0","","5","100.0","1","20.0","0","0","0.0","0","98.3","50.0","1.7","","","","100.0","0.73","0.7","8.8","7.8","0.6","0.65","7.8"
"15","Kenneth Gainwell","PIT","RB","17","2025","18","90.0","-3.2","-19","-18.6","6","0.4","30.0","0.33","6","100.0","37","2.2","21.1","2.06","6.17","6.17","56","9.33","17","2.83","0","0.0","1","0","0","0","3","25.0","2","0.33","2","0.111","0","","6","100.0","3","50.0","0","0","0.0","0","92.4","33.3","0.6","","","","100.0","0.54","0.6","9.7","11.4","0.7","0.64","11.4"
"16","Tyrone Tracy","NYG","RB","15","2025","27","93.1","2.3","9","3.9","4","0.3","16.0","0.15","3","75.0","36","2.4","37.9","1.33","9.00","12.00","44","14.67","33","11.00","0","0.0","1","0","0","0","2","11.1","1","0.33","2","0.074","0","","3","75.0","1","25.0","0","0","0.0","0","102.1","17.4","3.6","","","","100.0","0.24","0.4","6.6","6.8","0.5","0.25","6.8"
"17","Rico Dowdle","CAR","RB","17","2025","18","90.0","-1.4","-10","-18.2","7","0.4","36.8","0.39","4","57.1","32","1.9","27.6","1.78","4.57","8.00","33","8.25","2","0.50","0","0.0","0","0","0","0","2","22.2","0","","1","0.056","2","28.6","6","85.7","2","28.6","0","0","0.0","0","29.2","41.2","-1.4","","","","100.0","0.40","0.4","7.2","9.5","0.6","0.53","9.5"
"18","Tony Pollard","TEN","RB","17","2025","33","78.6","-1.3","-10","-3.9","8","0.5","21.1","0.24","8","100.0","32","1.9","17.7","0.97","4.00","4.00","42","5.25","12","1.50","0","0.0","0","0","0","0","3","12.0","2","0.25","0","0.000","0","","8","100.0","2","25.0","0","0","0.0","0","83.3","22.9","-1.9","","","","100.0","0.34","0.7","11.2","12.0","0.7","0.36","12.0"
"19","De'Von Achane","MIA","RB","16","2025","15","71.4","-3.2","-16","-9.5","5","0.3","26.3","0.33","4","80.0","30","1.9","16.7","2.00","6.00","7.50","39","9.75","4","1.00","0","0.0","1","0","0","0","2","16.7","0","","1","0.067","1","20.0","5","100.0","2","40.0","0","0","0.0","0","91.7","26.3","0.2","","","","100.0","0.47","0.4","7.0","9.6","0.6","0.64","9.6"
"20","Bijan Robinson","ATL","RB","17","2025","29","76.3","-1.3","-5","-1.5","4","0.2","11.4","0.14","3","75.0","27","1.6","10.7","0.93","6.75","9.00","28","9.33","4","1.33","0","0.0","0","0","0","0","1","4.5","1","0.33","1","0.034","1","25.0","4","100.0","1","25.0","0","0","0.0","0","92.7","12.5","1.0","","","","100.0","0.20","0.3","5.7","7.1","0.4","0.24","7.1"
"21","Michael Carter","ARZ","RB","13","2025","28","84.8","1.3","4","1.7","3","0.2","11.1","0.11","3","100.0","26","2.0","14.6","0.93","8.67","8.67","22","7.33","19","6.33","0","0.0","1","0","0","0","1","5.9","2","0.67","1","0.036","0","","3","100.0","0","","0","0","0.0","0","102.8","11.5","2.6","","","","100.0","0.20","0.4","5.6","4.2","0.3","0.15","4.2"
"22","Javonte Williams","DAL","RB","16","2025","40","81.6","0.2","2","0.6","9","0.6","19.1","0.23","7","77.8","24","1.5","9.1","0.60","2.67","3.43","26","3.71","8","1.14","0","0.0","0","0","0","0","1","3.3","0","","0","0.000","0","","8","88.9","0","","1","0","0.0","0","79.2","19.6","-3.5","","","","100.0","0.21","0.5","8.4","15.3","1.0","0.38","15.3"
"23","Aaron Jones","MIN","RB","12","2025","24","96.0","-3.2","-16","-11.4","5","0.4","27.8","0.21","3","60.0","23","1.9","28.0","0.96","4.60","7.67","31","10.33","4","1.33","0","0.0","0","0","0","0","4","30.8","0","","2","0.083","0","","3","60.0","2","40.0","0","0","0.0","0","71.3","29.4","-1.3","","","","100.0","0.22","0.4","5.3","6.7","0.6","0.28","6.7"
"24","Saquon Barkley","PHI","RB","16","2025","21","95.5","5.0","20","12.9","4","0.3","21.1","0.19","3","75.0","23","1.4","16.7","1.10","5.75","7.67","24","8.00","","","0","0.0","0","0","0","1","1","9.1","0","","1","0.048","0","","3","75.0","1","25.0","0","0","0.0","0","88.5","21.1","-0.9","","","","100.0","0.25","0.3","5.3","6.4","0.4","0.30","6.4"
"25","Tyler Badie","DEN","RB","16","2025","22","81.5","-0.8","-5","-2.6","6","0.4","25.0","0.27","4","66.7","22","1.4","19.3","1.00","3.67","5.50","34","8.50","3","0.75","0","0.0","0","0","0","0","3","25.0","0","","2","0.091","1","16.7","5","83.3","1","16.7","0","0","0.0","0","72.9","26.1","-2.3","","","","100.0","0.28","0.4","6.2","10.2","0.6","0.46","10.2"
"26","Kyle Monangai","CHI","RB","17","2025","21","77.8","-1.3","-4","-2.0","3","0.2","13.0","0.14","2","66.7","22","1.3","13.8","1.05","7.33","11.00","30","15.00","8","4.00","0","0.0","0","0","0","0","1","9.1","3","1.50","2","0.095","0","","3","100.0","1","33.3","1","0","0.0","0","88.2","14.3","1.4","","","","100.0","0.20","0.2","4.2","4.1","0.2","0.19","4.1"
"27","Kyren Williams","LA","RB","17","2025","33","84.6","-1.3","-8","-2.4","6","0.4","16.7","0.18","4","66.7","21","1.2","5.2","0.64","3.50","5.25","21","5.25","7","1.75","0","0.0","0","0","0","0","0","0.0","0","","0","0.000","1","16.7","5","83.3","0","","0","0","0.0","0","72.2","17.1","-2.7","","","","100.0","0.18","0.4","6.1","9.1","0.5","0.28","9.1"
"28","Kimani Vidal","LAC","RB","13","2025","24","64.9","0.5","1","0.4","2","0.2","7.1","0.08","2","100.0","19","1.5","11.5","0.79","9.50","9.50","18","9.00","11","5.50","0","0.0","1","0","0","0","1","6.7","1","0.50","1","0.042","0","","2","100.0","0","","0","0","0.0","0","106.3","8.7","3.7","","","","100.0","0.16","0.3","3.9","3.4","0.3","0.14","3.4"
"29","Breece Hall","NYJ","RB","16","2025","24","88.9","4.7","14","8.4","3","0.2","14.3","0.13","3","100.0","18","1.1","11.5","0.75","6.00","6.00","4","1.33","1","0.33","0","0.0","0","0","0","0","0","0.0","0","","1","0.042","0","","3","100.0","0","","0","0","0.0","0","91.7","15.8","-1.2","","","","100.0","0.20","0.3","4.8","4.3","0.3","0.18","4.3"
"30","Devin Neal","NO","RB","9","2025","18","90.0","0.0","0","0.0","1","0.1","6.7","0.06","1","100.0","18","2.0","9.8","1.00","18.00","18.00","18","18.00","8","8.00","0","0.0","0","0","0","0","0","0.0","1","1.00","1","0.056","0","","1","100.0","0","","0","0","0.0","0","118.8","7.7","12.2","","","","100.0","0.16","0.3","2.8","1.4","0.2","0.08","1.4"
"31","Travis Etienne","JAX","RB","17","2025","15","83.3","-2.0","-6","-3.9","3","0.2","20.0","0.20","2","66.7","17","1.0","16.8","1.13","5.67","8.50","20","10.00","2","1.00","0","0.0","0","0","0","0","2","16.7","0","","0","0.000","1","33.3","3","100.0","2","66.7","0","0","0.0","0","81.3","20.0","-0.4","","","","100.0","0.25","0.2","3.7","5.7","0.3","0.38","5.7"
"32","Ashton Jeanty","LV","RB","17","2025","24","82.8","-4.8","-24","-18.8","5","0.3","20.8","0.21","5","100.0","17","1.0","14.9","0.71","3.40","3.40","41","8.20","14","2.80","0","0.0","1","0","0","0","2","14.3","2","0.40","1","0.042","0","","5","100.0","2","40.0","0","0","0.0","0","80.8","22.7","-2.0","","","","100.0","0.28","0.4","6.7","8.4","0.5","0.35","8.4"
"33","DeMario Douglas","NE","WR","17","2025","1","100.0","16.0","16","100.0","1","0.1","100.0","1.00","1","100.0","17","1.0","100.0","17.00","17.00","17.00","1","1.00","","","1","100.0","1","0","0","0","1","100.0","0","","1","1.000","0","","1","100.0","0","","0","0","0.0","0","158.3","100.0","6.9","","","","100.0","8.70","0.5","8.7","3.5","0.2","3.55","3.5"
"34","Jonathan Taylor","IND","RB","17","2025","41","87.2","-0.6","-4","-1.0","7","0.4","17.1","0.17","5","71.4","17","1.0","5.2","0.41","2.43","3.40","22","4.40","5","1.00","0","0.0","0","0","0","0","1","3.0","2","0.40","1","0.024","1","14.3","6","85.7","0","","1","1","100.0","0","74.1","17.5","-3.4","","","","100.0","0.16","0.4","6.7","9.7","0.6","0.24","9.7"
"35","Rachaad White","TB","RB","17","2025","22","78.6","0.0","0","0.0","2","0.1","9.1","0.09","2","100.0","17","1.0","7.6","0.77","8.50","8.50","17","8.50","5","2.50","0","0.0","0","0","0","0","1","7.1","1","0.50","1","0.045","0","","2","100.0","1","50.0","0","0","0.0","0","102.1","9.5","2.4","","","","100.0","0.17","0.2","3.7","3.1","0.2","0.14","3.1"
"36","Justice Hill","BLT","RB","10","2025","9","81.8","1.0","2","3.2","2","0.2","25.0","0.22","2","100.0","16","1.6","19.0","1.78","8.00","8.00","14","7.00","1","0.50","0","0.0","0","0","0","0","1","25.0","1","0.50","1","0.111","0","","2","100.0","0","","0","0","0.0","0","100.0","33.3","1.8","","","","100.0","0.40","0.4","3.6","2.8","0.3","0.31","2.8"
"37","Alvin Kamara","NO","RB","11","2025","12","85.7","-2.0","-8","-11.4","4","0.4","36.4","0.33","4","100.0","15","1.4","33.3","1.25","3.75","3.75","23","5.75","8","2.00","0","0.0","0","0","0","0","1","20.0","0","","0","0.000","0","","4","100.0","1","25.0","0","0","0.0","0","82.3","36.4","-2.0","","","","100.0","0.46","0.5","5.5","5.5","0.5","0.46","5.5"
"38","TreVeyon Henderson","NE","RB","17","2025","10","76.9","1.5","3","2.8","2","0.1","20.0","0.20","2","100.0","15","0.9","21.1","1.50","7.50","7.50","12","6.00","4","2.00","0","0.0","0","0","0","0","0","0.0","0","","0","0.000","0","","2","100.0","0","","0","0","0.0","0","97.9","22.2","1.3","","","","100.0","0.35","0.2","3.5","2.7","0.2","0.27","2.7"
"39","Samaje Perine","CIN","RB","15","2025","9","75.0","-1.3","-4","-5.5","3","0.2","30.0","0.33","2","66.7","14","0.9","25.0","1.56","4.67","7.00","18","9.00","9","4.50","0","0.0","0","0","0","0","1","14.3","0","","0","0.000","0","","2","66.7","1","33.3","0","0","0.0","0","77.1","30.0","-1.1","","","","100.0","0.38","0.2","3.4","4.1","0.3","0.46","4.1"
"40","Chuba Hubbard","CAR","RB","15","2025","11","84.6","-3.0","-6","-20.7","2","0.1","20.0","0.18","2","100.0","14","0.9","21.5","1.27","7.00","7.00","20","10.00","8","4.00","0","0.0","0","0","0","0","1","12.5","1","0.50","1","0.091","0","","2","100.0","1","50.0","0","0","0.0","0","95.8","20.0","1.5","","","","100.0","0.31","0.2","3.4","2.5","0.2","0.23","2.5"
"41","Woody Marks","HST","RB","16","2025","34","73.9","0.7","2","0.6","3","0.2","7.0","0.09","3","100.0","13","0.8","4.0","0.38","4.33","4.33","11","3.67","7","2.33","0","0.0","0","0","0","0","0","0.0","1","0.33","0","0.000","0","","3","100.0","0","","1","1","100.0","0","84.7","7.5","-2.2","","","","100.0","0.13","0.3","4.3","4.0","0.2","0.12","4.0"
"42","Dylan Laube","LV","RB","17","2025","1","50.0","-4.0","-4","100.0","1","0.1","100.0","1.00","1","100.0","13","0.8","100.0","13.00","13.00","13.00","17","17.00","12","12.00","0","0.0","0","0","0","0","0","0.0","1","1.00","1","1.000","0","","1","100.0","0","","0","0","0.0","0","118.8","100.0","7.4","","","","100.0","2.30","0.1","2.3","1.5","0.1","1.51","1.5"
"43","Bam Knight","ARZ","RB","12","2025","7","53.8","0.7","2","4.3","3","0.3","27.3","0.43","2","66.7","13","1.1","16.7","1.86","4.33","6.50","6","3.00","2","1.00","0","0.0","1","0","0","0","0","0.0","0","","1","0.143","0","","2","66.7","0","","0","0","0.0","0","75.7","27.3","-2.0","","","","100.0","0.47","0.3","3.3","4.5","0.4","0.65","4.5"
"44","Jake Ferguson","DAL","TE","17","2025","2","100.0","-1.0","-1","-11.1","1","0.1","50.0","0.50","1","100.0","12","0.7","48.0","6.00","12.00","12.00","13","13.00","9","9.00","0","0.0","1","0","0","0","1","50.0","0","","1","0.500","0","","1","100.0","0","","0","0","0.0","0","116.7","50.0","7.1","","","","100.0","1.10","0.1","2.2","1.7","0.1","0.85","1.7"
"45","Travis Hunter","JAX","WR","7","2025","1","100.0","1.0","1","100.0","1","0.1","100.0","1.00","1","100.0","12","1.7","100.0","12.00","12.00","12.00","11","11.00","11","11.00","0","0.0","0","0","0","0","0","0.0","1","1.00","1","1.000","0","","1","100.0","0","","0","0","0.0","0","116.7","100.0","6.9","","","","100.0","2.20","0.3","2.2","1.2","0.2","1.20","1.2"
"46","Jeremy McNichols","WAS","RB","17","2025","13","81.3","-1.3","-4","-3.0","3","0.2","21.4","0.23","2","66.7","12","0.7","9.0","0.92","4.00","6.00","16","8.00","8","4.00","0","0.0","1","0","0","0","1","12.5","3","1.50","1","0.077","0","","2","66.7","1","33.3","0","0","0.0","0","74.3","23.1","-1.9","","","","100.0","0.25","0.2","3.2","4.7","0.3","0.36","4.7"
"47","Tyler Allgeier","ATL","RB","17","2025","7","70.0","-1.5","-3","-4.6","2","0.1","20.0","0.29","1","50.0","12","0.7","11.0","1.71","6.00","12.00","15","15.00","-1","-1.00","0","0.0","0","0","0","0","1","14.3","0","","0","0.000","0","","1","50.0","1","50.0","0","0","0.0","0","68.8","20.0","0.0","","","","100.0","0.31","0.1","2.2","4.3","0.3","0.61","4.3"
"48","Isiah Pacheco","KC","RB","13","2025","19","79.2","-1.5","-3","-3.2","2","0.2","10.0","0.11","2","100.0","11","0.8","11.2","0.58","5.50","5.50","14","7.00","6","3.00","0","0.0","0","0","0","0","1","9.1","0","","1","0.053","0","","2","100.0","0","","0","0","0.0","0","89.6","10.5","-0.5","","","","100.0","0.16","0.2","3.1","2.9","0.2","0.15","2.9"
"49","Will Shipley","PHI","RB","15","2025","11","91.7","13.0","13","26.0","1","0.1","14.3","0.09","1","100.0","11","0.7","34.4","1.00","11.00","11.00","-2","-2.00","","","0","0.0","0","0","0","0","0","0.0","0","","1","0.091","0","","1","100.0","0","","0","0","0.0","0","112.5","20.0","4.0","","","","100.0","0.19","0.1","2.1","1.3","0.1","0.12","1.3"
"50","Jake Tonges","SF","TE","16","2025","1","100.0","3.0","3","100.0","1","0.1","100.0","1.00","1","100.0","11","0.7","100.0","11.00","11.00","11.00","8","8.00","4","4.00","0","0.0","0","0","0","0","0","0.0","0","","1","1.000","0","","1","100.0","0","","0","0","0.0","0","112.5","100.0","4.7","","","","100.0","2.10","0.1","2.1","1.4","0.1","1.38","1.4"
"51","Nick Chubb","HST","RB","15","2025","19","86.4","2.4","12","7.9","5","0.3","25.0","0.26","3","60.0","11","0.7","7.3","0.58","2.20","3.67","5","1.67","3","1.00","0","0.0","1","0","0","0","0","0.0","0","","0","0.000","1","20.0","4","80.0","0","","1","1","100.0","0","64.6","25.0","-4.4","","","","100.0","0.22","0.3","4.1","6.8","0.5","0.36","6.8"
"52","Audric Estime","NO","RB","6","2025","6","85.7","-6.0","-6","-7.1","1","0.2","16.7","0.17","1","100.0","11","1.8","21.2","1.83","11.00","11.00","17","17.00","2","2.00","0","0.0","0","0","0","0","1","20.0","0","","0","0.000","0","","1","100.0","1","100.0","0","0","0.0","0","112.5","16.7","5.9","","","","100.0","0.35","0.4","2.1","1.5","0.3","0.25","1.5"
"53","Cam Skattebo","NYG","RB","8","2025","14","100.0","2.3","7","10.3","3","0.4","30.0","0.21","2","66.7","10","1.3","17.9","0.71","3.33","5.00","8","4.00","5","2.50","0","0.0","0","0","0","0","1","16.7","0","","0","0.000","0","","3","100.0","0","","1","0","0.0","0","71.5","33.3","-3.2","","","","100.0","0.21","0.4","3.0","4.0","0.5","0.29","4.0"
"54","LeQuint Allen","JAX","RB","17","2025","12","70.6","-2.0","-4","-3.7","2","0.1","20.0","0.17","1","50.0","10","0.6","16.4","0.83","5.00","10.00","6","6.00","2","2.00","0","0.0","0","0","0","0","0","0.0","0","","0","0.000","0","","1","50.0","0","","0","0","0.0","0","64.6","20.0","-0.6","","","","100.0","0.17","0.1","2.0","2.9","0.2","0.24","2.9"
"55","Dare Ogunbowale","HST","RB","17","2025","6","60.0","2.0","2","3.4","1","0.1","12.5","0.17","1","100.0","9","0.5","11.3","1.50","9.00","9.00","7","7.00","3","3.00","0","0.0","0","0","0","0","0","0.0","0","","0","0.000","0","","1","100.0","0","","0","0","0.0","0","104.2","14.3","2.6","","","","100.0","0.32","0.1","1.9","1.4","0.1","0.23","1.4"
"56","Kaleb Johnson","PIT","RB","10","2025","4","80.0","-4.0","-8","-800.0","2","0.2","40.0","0.50","1","50.0","9","0.9","26.5","2.25","4.50","9.00","14","14.00","2","2.00","0","0.0","0","0","0","0","0","0.0","0","","0","0.000","1","50.0","2","100.0","0","","0","0","0.0","0","62.5","40.0","-1.5","","","","100.0","0.48","0.2","1.9","3.7","0.4","0.92","3.7"
"57","Kenneth Walker","SEA","RB","17","2025","14","77.8","1.0","3","2.4","3","0.2","18.8","0.21","3","100.0","9","0.5","8.8","0.64","3.00","3.00","6","2.00","2","0.67","0","0.0","0","0","0","0","1","12.5","1","0.33","0","0.000","0","","3","100.0","0","","0","0","0.0","0","79.2","20.0","-3.4","","","","100.0","0.28","0.2","3.9","4.2","0.2","0.30","4.2"
"58","Raheem Mostert","LV","RB","12","2025","10","100.0","-1.5","-3","-7.7","2","0.2","22.2","0.20","2","100.0","9","0.8","12.7","0.90","4.50","4.50","12","6.00","4","2.00","0","0.0","0","0","0","0","2","28.6","0","","2","0.200","0","","2","100.0","1","50.0","0","0","0.0","0","85.4","22.2","-1.6","","","","100.0","0.29","0.2","2.9","3.2","0.3","0.32","3.2"
"59","Marvin Mims","DEN","WR","15","2025","3","100.0","-3.5","-7","350.0","2","0.1","66.7","0.67","2","100.0","8","0.5","57.1","2.67","4.00","4.00","15","7.50","1","0.50","0","0.0","0","0","0","0","0","0.0","2","1.00","1","0.333","0","","2","100.0","0","","0","0","0.0","0","83.3","66.7","-0.7","","","","100.0","0.93","0.2","2.8","2.7","0.2","0.88","2.7"
"60","Jordan Mason","MIN","RB","16","2025","21","84.0","-3.0","-6","-2.8","2","0.1","9.1","0.10","2","100.0","8","0.5","3.3","0.38","4.00","4.00","14","7.00","3","1.50","0","0.0","0","0","0","0","0","0.0","0","","0","0.000","0","","2","100.0","0","","0","0","0.0","0","83.3","10.0","-1.9","","","","100.0","0.13","0.2","2.8","4.0","0.2","0.19","4.0"
"61","Chris Brooks","GB","RB","17","2025","5","62.5","0.0","0","0.0","1","0.1","16.7","0.20","1","100.0","8","0.5","14.0","1.60","8.00","8.00","8","8.00","2","2.00","0","0.0","0","0","0","0","1","25.0","0","","1","0.200","0","","1","100.0","0","","0","0","0.0","0","100.0","20.0","2.2","","","","100.0","0.36","0.1","1.8","1.2","0.1","0.24","1.2"
"62","Adam Trautman","DEN","TE","17","2025","1","100.0","2.0","2","100.0","1","0.1","100.0","1.00","1","100.0","8","0.5","100.0","8.00","8.00","8.00","6","6.00","","","0","0.0","0","0","0","0","0","0.0","0","","0","0.000","0","","1","100.0","0","","0","0","0.0","0","100.0","100.0","1.6","","","","100.0","1.80","0.1","1.8","1.4","0.1","1.42","1.4"
"63","Emari Demercado","ARZ","RB","13","2025","10","90.9","4.0","4","9.8","1","0.1","12.5","0.10","1","100.0","7","0.5","10.4","0.70","7.00","7.00","3","3.00","","","0","0.0","0","0","0","0","0","0.0","0","","0","0.000","0","","1","100.0","0","","0","0","0.0","0","95.8","12.5","0.3","","","","100.0","0.17","0.1","1.7","1.5","0.1","0.15","1.5"
"64","Trey Benson","ARZ","RB","4","2025","10","90.9","-1.0","-2","-3.4","2","0.5","20.0","0.20","2","100.0","7","1.8","17.1","0.70","3.50","3.50","9","4.50","8","4.00","0","0.0","0","0","0","0","0","0.0","1","0.50","0","0.000","0","","2","100.0","0","","0","0","0.0","0","81.3","22.2","-2.3","","","","100.0","0.27","0.7","2.7","3.4","0.9","0.34","3.4"
"65","Drew Sample","CIN","TE","17","2025","6","75.0","-1.0","-1","-3.4","1","0.1","12.5","0.17","1","100.0","7","0.4","7.4","1.17","7.00","7.00","8","8.00","","","0","0.0","0","0","0","0","0","0.0","0","","0","0.000","0","","1","100.0","0","","0","0","0.0","0","95.8","12.5","2.1","","","","100.0","0.28","0.1","1.7","1.4","0.1","0.24","1.4"
"66","Emanuel Wilson","GB","RB","17","2025","13","81.3","-4.0","-8","-7.0","2","0.1","14.3","0.15","2","100.0","6","0.4","8.0","0.46","3.00","3.00","14","7.00","5","2.50","0","0.0","0","0","0","0","0","0.0","0","","0","0.000","0","","2","100.0","0","","0","0","0.0","0","79.2","15.4","-2.6","","","","100.0","0.20","0.2","2.6","2.9","0.2","0.23","2.9"
"67","J.K. Dobbins","DEN","RB","10","2025","4","50.0","1.0","1","1.9","1","0.1","12.5","0.25","1","100.0","6","0.6","14.3","1.50","6.00","6.00","5","5.00","2","2.00","0","0.0","0","0","0","0","0","0.0","0","","0","0.000","0","","1","100.0","0","","0","0","0.0","0","91.7","12.5","0.3","","","","100.0","0.40","0.2","1.6","1.6","0.2","0.41","1.6"
"68","Chris Rodriguez","WAS","RB","13","2025","8","66.7","0.0","0","0.0","1","0.1","11.1","0.13","1","100.0","6","0.5","9.4","0.75","6.00","6.00","6","6.00","3","3.00","0","0.0","0","0","0","0","0","0.0","0","","0","0.000","0","","1","100.0","0","","0","0","0.0","0","91.7","12.5","0.2","","","","100.0","0.20","0.1","1.6","1.3","0.1","0.16","1.3"
"69","Miles Sanders","DAL","RB","4","2025","4","100.0","2.5","5","55.6","2","0.5","66.7","0.50","2","100.0","6","1.5","35.3","1.50","3.00","3.00","1","0.50","1","0.50","0","0.0","1","0","0","0","0","0.0","0","","0","0.000","0","","2","100.0","0","","0","0","0.0","0","79.2","66.7","-3.5","","","","100.0","0.65","0.7","2.6","2.7","0.7","0.67","2.7"
"70","James Cook","BUF","RB","17","2025","23","92.0","0.8","3","1.7","4","0.2","19.0","0.17","2","50.0","5","0.3","2.3","0.22","1.25","2.50","13","6.50","3","1.50","0","0.0","0","0","0","0","0","0.0","0","","0","0.000","0","","3","75.0","0","","1","0","0.0","0","56.3","20.0","-5.3","","","","100.0","0.11","0.1","2.5","6.1","0.4","0.26","6.1"
"71","Dalton Schultz","HST","TE","17","2025","1","50.0","2.0","2","100.0","1","0.1","50.0","1.00","1","100.0","5","0.3","100.0","5.00","5.00","5.00","3","3.00","","","0","0.0","0","0","0","0","1","100.0","0","","0","0.000","0","","1","100.0","0","","0","0","0.0","0","87.5","100.0","-1.4","","","","100.0","1.50","0.1","1.5","1.2","0.1","1.20","1.2"
"72","DJ Moore","CHI","WR","17","2025","2","100.0","-5.0","-5","100.0","1","0.1","50.0","0.50","1","100.0","5","0.3","100.0","2.50","5.00","5.00","10","10.00","1","1.00","0","0.0","0","0","0","0","1","100.0","0","","0","0.000","0","","1","100.0","1","100.0","0","0","0.0","0","87.5","100.0","0.8","","","","100.0","0.75","0.1","1.5","1.3","0.1","0.63","1.3"
"73","Zavier Scott","MIN","RB","11","2025","3","60.0","-6.0","-6","-13.0","1","0.1","25.0","0.33","1","100.0","5","0.5","16.1","1.67","5.00","5.00","11","11.00","1","1.00","0","0.0","0","0","0","0","1","33.3","0","","0","0.000","0","","1","100.0","1","100.0","0","0","0.0","0","87.5","25.0","-0.1","","","","100.0","0.50","0.1","1.5","1.4","0.1","0.46","1.4"
"74","Keaton Mitchell","BLT","RB","13","2025","1","50.0","-5.0","-5","55.6","1","0.1","50.0","1.00","1","100.0","5","0.4","62.5","5.00","5.00","5.00","10","10.00","1","1.00","0","0.0","0","0","0","0","0","0.0","0","","0","0.000","0","","1","100.0","0","","0","0","0.0","0","87.5","50.0","-0.9","","","","100.0","1.50","0.1","1.5","1.6","0.1","1.58","1.6"
"75","Rasheen Ali","BLT","RB","15","2025","11","100.0","1.5","3","3.7","2","0.1","18.2","0.18","1","50.0","5","0.3","4.6","0.45","2.50","5.00","3","3.00","2","2.00","0","0.0","0","0","0","0","1","12.5","0","","0","0.000","1","50.0","2","100.0","0","","0","0","0.0","0","56.3","18.2","-3.6","","","","100.0","0.14","0.1","1.5","4.2","0.3","0.38","4.2"
"76","Taysom Hill","NO","TE","13","2025","1","50.0","4.0","4","100.0","1","0.1","50.0","1.00","1","100.0","5","0.4","21.7","5.00","5.00","5.00","1","1.00","1","1.00","0","0.0","0","0","0","0","0","0.0","0","","0","0.000","0","","1","100.0","0","","0","0","0.0","0","87.5","50.0","-1.1","","","","100.0","1.50","0.1","1.5","1.3","0.1","1.29","1.3"
"77","Khalil Herbert","NYJ","RB","5","2025","3","100.0","-5.0","-5","-100.0","1","0.2","33.3","0.33","1","100.0","4","0.8","100.0","1.33","4.00","4.00","9","9.00","-1","-1.00","0","0.0","0","0","0","0","1","100.0","0","","0","0.000","0","","1","100.0","0","","0","0","0.0","0","83.3","50.0","-1.9","","","","100.0","0.47","0.3","1.4","1.4","0.3","0.46","1.4"
"78","Brian Robinson","SF","RB","17","2025","4","66.7","-2.0","-6","-66.7","3","0.2","50.0","0.75","2","66.7","3","0.2","15.8","0.75","1.00","1.50","8","4.00","3","1.50","0","0.0","0","0","0","0","0","0.0","1","0.50","0","0.000","0","","2","66.7","0","","0","0","0.0","0","70.1","50.0","-4.5","","","","100.0","0.58","0.1","2.3","4.6","0.3","1.14","4.6"
"79","Ty Johnson","BUF","RB","17","2025","6","100.0","1.0","1","10.0","1","0.1","20.0","0.17","1","100.0","3","0.2","12.5","0.50","3.00","3.00","2","2.00","1","1.00","0","0.0","0","0","0","0","0","0.0","0","","0","0.000","0","","1","100.0","0","","0","0","0.0","0","79.2","20.0","-2.7","","","","100.0","0.22","0.1","1.3","1.2","0.1","0.20","1.2"
"80","Kareem Hunt","KC","RB","17","2025","21","63.6","5.0","10","3.4","2","0.1","6.7","0.10","1","50.0","3","0.2","1.0","0.14","1.50","3.00","7","7.00","1","1.00","0","0.0","1","0","0","0","0","0.0","0","","0","0.000","0","","1","50.0","0","","1","0","0.0","0","16.7","7.7","-6.3","","","","100.0","0.06","0.1","1.3","3.4","0.2","0.16","3.4"
"81","Jacory Croskey-Merritt","WAS","RB","17","2025","11","73.3","-2.5","-5","-6.6","2","0.1","18.2","0.18","1","50.0","3","0.2","2.8","0.27","1.50","3.00","1","1.00","1","1.00","0","0.0","0","0","0","0","1","12.5","0","","0","0.000","0","","1","50.0","1","50.0","0","0","0.0","0","56.3","18.2","-4.0","","","","100.0","0.12","0.1","1.3","2.5","0.1","0.23","2.5"
"82","Ty Chandler","MIN","RB","3","2025","2","100.0","-6.0","-6","600.0","1","0.3","50.0","0.50","1","100.0","2","0.7","20.0","1.00","2.00","2.00","8","8.00","","","0","0.0","0","0","0","0","0","0.0","0","","0","0.000","0","","1","100.0","0","","0","0","0.0","0","79.2","50.0","-3.1","","","","100.0","0.60","0.4","1.2","1.1","0.4","0.55","1.1"
"83","Clyde Edwards-Helaire","KC","RB","2","2025","3","100.0","-4.0","-4","-23.5","1","0.5","33.3","0.33","1","100.0","2","1.0","3.0","0.67","2.00","2.00","6","6.00","2","2.00","0","0.0","0","0","0","0","0","0.0","0","","0","0.000","0","","1","100.0","0","","0","0","0.0","0","79.2","33.3","-3.6","","","","100.0","0.40","0.6","1.2","2.4","1.2","0.78","2.4"
"84","Quinshon Judkins","CLV","RB","14","2025","4","100.0","2.0","2","14.3","1","0.1","25.0","0.25","1","100.0","2","0.1","14.3","0.50","2.00","2.00","0","","","","0","0.0","0","0","0","0","0","0.0","0","","0","0.000","0","","1","100.0","0","","0","0","0.0","0","79.2","25.0","-4.4","","","","100.0","0.30","0.1","1.2","1.4","0.1","0.34","1.4"
"85","Kylen Granson","PHI","TE","17","2025","1","100.0","-1.0","-1","100.0","1","0.1","100.0","1.00","1","100.0","1","0.1","100.0","1.00","1.00","1.00","2","2.00","2","2.00","0","0.0","0","0","0","0","0","0.0","0","","0","0.000","0","","1","100.0","0","","0","0","0.0","0","79.2","100.0","-3.9","","","","100.0","1.10","0.1","1.1","1.5","0.1","1.46","1.5"
"86","Theo Johnson","NYG","TE","15","2025","3","100.0","-2.0","-2","-5.1","1","0.1","33.3","0.33","1","100.0","1","0.1","10.0","0.33","1.00","1.00","3","3.00","1","1.00","0","0.0","0","0","0","0","0","0.0","0","","0","0.000","0","","1","100.0","0","","0","0","0.0","0","79.2","33.3","-3.9","","","","100.0","0.37","0.1","1.1","1.6","0.1","0.52","1.6"
"87","Omarion Hampton","LAC","RB","9","2025","15","93.8","1.0","1","2.3","1","0.1","11.1","0.07","1","100.0","1","0.1","3.7","0.07","1.00","1.00","0","","","","0","0.0","0","0","0","0","0","0.0","0","","0","0.000","0","","1","100.0","0","","0","0","0.0","0","79.2","12.5","-4.7","","","","100.0","0.07","0.1","1.1","1.4","0.2","0.09","1.4"
"88","Jerome Ford","CLV","RB","13","2025","16","80.0","-1.0","-2","-1.2","2","0.2","11.8","0.13","2","100.0","1","0.1","1.1","0.06","0.50","0.50","3","1.50","2","1.00","0","0.0","0","0","0","0","0","0.0","0","","0","0.000","0","","2","100.0","0","","0","0","0.0","0","79.2","12.5","-5.7","","","","100.0","0.13","0.2","2.1","3.0","0.2","0.19","3.0"
"89","Greg Dortch","ARZ","WR","12","2025","1","100.0","-2.0","-2","100.0","1","0.1","100.0","1.00","1","100.0","-2","-0.2","100.0","-2.00","-2.00","-2.00","0","","","","0","0.0","0","0","0","0","1","100.0","0","","0","0.000","0","","1","100.0","0","","1","1","100.0","0","79.2","100.0","-7.5","","","","100.0","0.80","0.1","0.8","1.4","0.1","1.36","1.4"
"90","Devin Singletary","NYG","RB","17","2025","9","100.0","-6.0","-6","-11.3","1","0.1","11.1","0.11","1","100.0","-4","-0.2","-15.4","-0.44","-4.00","-4.00","2","2.00","1","1.00","0","0.0","0","0","0","0","1","20.0","0","","0","0.000","0","","1","100.0","1","100.0","0","0","0.0","0","79.2","12.5","-9.1","","","","100.0","0.07","0.0","0.6","2.3","0.1","0.26","2.3"
"91","Tahj Brooks","CIN","RB","12","2025","1","33.3","0.0","0","0.0","0","0.0","0.0","","0","","0","0.0","0.0","","0.00","","0","","","","0","0.0","0","0","0","0","0","0.0","0","","0","0.000","0","","0","","0","","0","0","0.0","0","0.0","","","","","","100.0","0.00","","0.0","0.0","0.0","0.00","0.0"
"92","Derrick Henry","BLT","RB","17","2025","5","62.5","0.0","0","0.0","0","0.0","0.0","","0","","0","0.0","0.0","","0.00","","0","","","","0","0.0","0","0","0","0","0","0.0","0","","0","0.000","0","","0","","0","","0","0","0.0","0","0.0","","","","","","100.0","0.00","","0.0","0.0","0.0","0.00","0.0"
"93","Jaret Patterson","LAC","RB","6","2025","4","100.0","0.0","0","0.0","0","0.0","0.0","","0","","0","0.0","0.0","","0.00","","0","","","","0","0.0","0","0","0","0","0","0.0","0","","0","0.000","0","","0","","0","","0","0","0.0","0","0.0","","","","","","100.0","0.00","","0.0","0.0","0.0","0.00","0.0"
"94","James Conner","ARZ","RB","3","2025","5","100.0","0.0","0","0.0","0","0.0","0.0","","0","","0","0.0","0.0","","0.00","","0","","","","0","0.0","0","0","0","0","0","0.0","0","","0","0.000","0","","0","","0","","0","0","0.0","0","0.0","","","","","","100.0","0.00","","0.0","0.0","0.0","0.00","0.0"
"95","Charlie Woerner","ATL","TE","17","2025","5","71.4","0.0","0","0.0","0","0.0","0.0","","0","","0","0.0","0.0","","0.00","","0","","","","0","0.0","0","0","0","0","0","0.0","0","","0","0.000","0","","0","","0","","0","0","0.0","0","0.0","","","","","","100.0","0.00","","0.0","0.0","0.0","0.00","0.0"
"96","Luke Farrell","SF","TE","17","2025","1","100.0","0.0","0","0.0","0","0.0","0.0","","0","","0","0.0","0.0","","0.00","","0","","","","0","0.0","0","0","0","0","0","0.0","0","","0","0.000","0","","0","","0","","0","0","0.0","0","0.0","","","","","","100.0","0.00","","0.0","0.0","0.0","0.00","0.0"
"97","Bhayshul Tuten","JAX","RB","15","2025","3","60.0","0.0","0","0.0","0","0.0","0.0","","0","","0","0.0","0.0","","0.00","","0","","","","0","0.0","0","0","0","0","0","0.0","0","","0","0.000","0","","0","","0","","0","0","0.0","0","0.0","","","","","","100.0","0.00","","0.0","0.0","0.0","0.00","0.0"
"98","Tyler Warren","IND","TE","17","2025","1","100.0","0.0","0","0.0","0","0.0","0.0","","0","","0","0.0","0.0","","0.00","","0","","","","0","0.0","0","0","0","0","0","0.0","0","","0","0.000","0","","0","","0","","0","0","0.0","0","0.0","","","","","","100.0","0.00","","0.0","0.0","0.0","0.00","0.0"
"99","Jack Stoll","NO","TE","15","2025","1","100.0","-1.0","-1","100.0","1","0.1","100.0","1.00","0","","0","0.0","0.0","","0.00","","0","","","","0","0.0","0","0","0","0","0","0.0","0","","0","0.000","0","","0","","0","","0","0","0.0","0","39.6","100.0","-4.9","","","","100.0","0.00","","0.0","1.4","0.1","1.44","1.4"
"100","Tip Reiman","ARZ","TE","4","2025","1","100.0","0.0","0","0.0","0","0.0","0.0","","0","","0","0.0","0.0","","0.00","","0","","","","0","0.0","0","0","0","0","0","0.0","0","","0","0.000","0","","0","","0","","0","0","0.0","0","0.0","","","","","","100.0","0.00","","0.0","0.0","0.0","0.00","0.0"
"101","Durham Smythe","CHI","TE","17","2025","1","100.0","0.0","0","0.0","0","0.0","0.0","","0","","0","0.0","0.0","","0.00","","0","","","","0","0.0","0","0","0","0","0","0.0","0","","0","0.000","0","","0","","0","","0","0","0.0","0","0.0","","","","","","100.0","0.00","","0.0","0.0","0.0","0.00","0.0"
"102","Juwan Johnson","NO","TE","17","2025","1","100.0","0.0","0","0.0","0","0.0","0.0","","0","","0","0.0","0.0","","0.00","","0","","","","0","0.0","0","0","0","0","0","0.0","0","","0","0.000","0","","0","","0","","0","0","0.0","0","0.0","","","","","","100.0","0.00","","0.0","0.0","0.0","0.00","0.0"
"103","Amon-Ra St. Brown","DET","WR","17","2025","1","100.0","0.0","0","0.0","0","0.0","0.0","","0","","0","0.0","0.0","","0.00","","0","","","","0","0.0","0","0","0","0","0","0.0","0","","0","0.000","0","","0","","0","","0","0","0.0","0","0.0","","","","","","100.0","0.00","","0.0","0.0","0.0","0.00","0.0"
"104","Brittain Brown","CHI","RB","2","2025","3","100.0","4.0","4","8.9","1","0.5","33.3","0.33","0","","0","0.0","0.0","","0.00","","0","","","","0","0.0","0","0","0","0","0","0.0","0","","0","0.000","0","","0","","0","","0","0","0.0","0","39.6","33.3","-6.7","","","","100.0","0.00","","0.0","1.3","0.7","0.45","1.3"
"105","Kene Nwangwu","NYJ","RB","10","2025","1","100.0","0.0","0","0.0","0","0.0","0.0","","0","","0","0.0","0.0","","0.00","","0","","","","0","0.0","0","0","0","0","0","0.0","0","","0","0.000","0","","0","","0","","0","0","0.0","0","0.0","","","","","","100.0","0.00","","0.0","0.0","0.0","0.00","0.0"
"106","Khalil Shakir","BUF","WR","16","2025","1","100.0","0.0","0","0.0","0","0.0","0.0","","0","","0","0.0","0.0","","0.00","","0","","","","0","0.0","0","0","0","0","0","0.0","0","","0","0.000","0","","0","","0","","0","0","0.0","0","0.0","","","","","","100.0","0.00","","0.0","0.0","0.0","0.00","0.0"
"107","Josiah Deguara","ARZ","TE","12","2025","1","100.0","0.0","0","0.0","0","0.0","0.0","","0","","0","0.0","0.0","","0.00","","0","","","","0","0.0","0","0","0","0","0","0.0","0","","0","0.000","0","","0","","0","","0","0","0.0","0","0.0","","","","","","100.0","0.00","","0.0","0.0","0.0","0.00","0.0"
"108","Daniel Bellinger","NYG","TE","16","2025","2","50.0","0.0","0","0.0","0","0.0","0.0","","0","","0","0.0","0.0","","0.00","","0","","","","0","0.0","0","0","0","0","0","0.0","0","","0","0.000","0","","0","","0","","0","0","0.0","0","0.0","","","","","","100.0","0.00","","0.0","0.0","0.0","0.00","0.0"
"109","DJ Giddens","IND","RB","9","2025","1","33.3","0.0","0","0.0","0","0.0","0.0","","0","","0","0.0","0.0","","0.00","","0","","","","0","0.0","0","0","0","0","0","0.0","0","","0","0.000","0","","0","","0","","0","0","0.0","0","0.0","","","","","","100.0","0.00","","0.0","0.0","0.0","0.00","0.0"
"110","Sean Tucker","TB","RB","17","2025","4","80.0","6.0","6","6.8","1","0.1","20.0","0.25","0","","0","0.0","0.0","","0.00","","0","","","","0","0.0","1","0","0","0","0","0.0","0","","0","0.000","0","","0","","0","","0","0","0.0","0","39.6","20.0","-7.7","","","","100.0","0.00","","0.0","1.4","0.1","0.34","1.4"
"111","Brycen Tremayne","CAR","WR","16","2025","1","100.0","0.0","0","0.0","0","0.0","0.0","","0","","0","0.0","0.0","","0.00","","0","","","","0","0.0","0","0","0","0","0","0.0","0","","0","0.000","0","","0","","0","","0","0","0.0","0","0.0","","","","","","100.0","0.00","","0.0","0.0","0.0","0.00","0.0"
"112","Jawhar Jordan","HST","RB","4","2025","1","100.0","0.0","0","0.0","0","0.0","0.0","","0","","0","0.0","0.0","","0.00","","0","","","","0","0.0","0","0","0","0","0","0.0","0","","0","0.000","0","","0","","0","","0","0","0.0","0","0.0","","","","","","100.0","0.00","","0.0","0.0","0.0","0.00","0.0"
"113","Malik Washington","MIA","WR","17","2025","1","100.0","0.0","0","0.0","0","0.0","0.0","","0","","0","0.0","0.0","","0.00","","0","","","","0","0.0","0","0","0","0","0","0.0","0","","0","0.000","0","","0","","0","","0","0","0.0","0","0.0","","","","","","100.0","0.00","","0.0","0.0","0.0","0.00","0.0"
"114","Brashard Smith","KC","RB","17","2025","3","100.0","0.0","0","0.0","0","0.0","0.0","","0","","0","0.0","0.0","","0.00","","0","","","","0","0.0","0","0","0","0","0","0.0","0","","0","0.000","0","","0","","0","","0","0","0.0","0","0.0","","","","","","100.0","0.00","","0.0","0.0","0.0","0.00","0.0"
"115","Evan Hull","NO","RB","6","2025","2","100.0","0.0","0","0.0","0","0.0","0.0","","0","","0","0.0","0.0","","0.00","","0","","","","0","0.0","0","0","0","0","0","0.0","0","","0","0.000","0","","0","","0","","0","0","0.0","0","0.0","","","","","","100.0","0.00","","0.0","0.0","0.0","0.00","0.0"
"116","Raheim Sanders","CLV","RB","4","2025","3","100.0","0.0","0","0.0","0","0.0","0.0","","0","","0","0.0","0.0","","0.00","","0","","","","0","0.0","0","0","0","0","0","0.0","0","","0","0.000","0","","0","","0","","0","0","0.0","0","0.0","","","","","","100.0","0.00","","0.0","0.0","0.0","0.00","0.0"
"117","Ollie Gordon","MIA","RB","17","2025","5","62.5","0.0","0","0.0","0","0.0","0.0","","0","","0","0.0","0.0","","0.00","","0","","","","0","0.0","0","0","0","0","0","0.0","0","","0","0.000","0","","0","","0","","0","0","0.0","0","0.0","","","","","","100.0","0.00","","0.0","0.0","0.0","0.00","0.0"
"118","Ray Davis","BUF","RB","17","2025","2","100.0","0.0","0","0.0","0","0.0","0.0","","0","","0","0.0","0.0","","0.00","","0","","","","0","0.0","0","0","0","0","0","0.0","0","","0","0.000","0","","0","","0","","0","0","0.0","0","0.0","","","","","","100.0","0.00","","0.0","0.0","0.0","0.00","0.0"
"119","Isaiah Bond","CLV","WR","16","2025","1","100.0","0.0","0","0.0","0","0.0","0.0","","0","","0","0.0","0.0","","0.00","","0","","","","0","0.0","0","0","0","0","0","0.0","0","","0","0.000","0","","0","","0","","0","0","0.0","0","0.0","","","","","","100.0","0.00","","0.0","0.0","0.0","0.00","0.0"
"120","Evan Engram","DEN","TE","16","2025","1","100.0","0.0","0","0.0","0","0.0","0.0","","0","","0","0.0","0.0","","0.00","","0","","","","0","0.0","0","0","0","0","0","0.0","0","","0","0.000","0","","0","","0","","0","0","0.0","0","0.0","","","","","","100.0","0.00","","0.0","0.0","0.0","0.00","0.0"
"121","AJ Dillon","PHI","RB","7","2025","1","100.0","0.0","0","0.0","0","0.0","0.0","","0","","0","0.0","0.0","","0.00","","0","","","","0","0.0","0","0","0","0","0","0.0","0","","0","0.000","0","","0","","0","","0","0","0.0","0","0.0","","","","","","100.0","0.00","","0.0","0.0","0.0","0.00","0.0"
"122","Rhamondre Stevenson","NE","RB","14","2025","28","93.3","0.0","0","0.0","0","0.0","0.0","","0","","0","0.0","0.0","","0.00","","0","","","","0","0.0","0","0","0","0","0","0.0","0","","0","0.000","0","","0","","0","","0","0","0.0","0","0.0","","","","","","100.0","0.00","","0.0","0.0","0.0","0.00","0.0"
"123","Tyler Goodson","IND","RB","11","2025","5","83.3","-1.0","-1","-1.8","1","0.1","16.7","0.20","1","100.0","0","0.0","0.0","","0.00","","1","1.00","1","1.00","0","0.0","0","0","0","0","1","20.0","0","","0","0.000","0","","1","100.0","0","","0","0","0.0","0","79.2","16.7","-5.8","","","","100.0","0.20","0.1","1.0","1.5","0.1","0.31","1.5"
"124","Trey McBride","ARZ","TE","17","2025","1","100.0","0.0","0","0.0","0","0.0","0.0","","0","","0","0.0","0.0","","0.00","","0","","","","0","0.0","0","0","0","0","0","0.0","0","","0","0.000","0","","0","","0","","0","0","0.0","0","0.0","","","","","","100.0","0.00","","0.0","0.0","0.0","0.00","0.0"
"125","Malik Davis","DAL","RB","10","2025","6","40.0","3.0","6","5.8","2","0.2","13.3","0.33","0","","0","0.0","0.0","","0.00","","0","","","","0","0.0","0","0","0","0","0","0.0","0","","0","0.000","0","","0","","0","","0","0","0.0","0","39.6","13.3","-6.5","","","","100.0","0.00","","0.0","2.9","0.3","0.48","2.9"
"126","Jaleel McLaughlin","DEN","RB","8","2025","3","37.5","0.0","0","0.0","0","0.0","0.0","","0","","0","0.0","0.0","","0.00","","0","","","","0","0.0","0","0","0","0","0","0.0","0","","0","0.000","0","","0","","0","","0","0","0.0","0","0.0","","","","","","100.0","0.00","","0.0","0.0","0.0","0.00","0.0"
"127","Cole Kmet","CHI","TE","16","2025","1","100.0","0.0","0","0.0","0","0.0","0.0","","0","","0","0.0","0.0","","0.00","","0","","","","0","0.0","0","0","0","0","0","0.0","0","","0","0.000","0","","0","","0","","0","0","0.0","0","0.0","","","","","","100.0","0.00","","0.0","0.0","0.0","0.00","0.0"
"128","George Kittle","SF","TE","11","2025","1","100.0","0.0","0","0.0","0","0.0","0.0","","0","","0","0.0","0.0","","0.00","","0","","","","0","0.0","0","0","0","0","0","0.0","0","","0","0.000","0","","0","","0","","0","0","0.0","0","0.0","","","","","","100.0","0.00","","0.0","0.0","0.0","0.00","0.0"
"129","Braelon Allen","NYJ","RB","4","2025","1","50.0","0.0","0","0.0","0","0.0","0.0","","0","","0","0.0","0.0","","0.00","","0","","","","0","0.0","0","0","0","0","0","0.0","0","","0","0.000","0","","0","","0","","0","0","0.0","0","0.0","","","","","","100.0","0.00","","0.0","0.0","0.0","0.00","0.0"
"130","Jaydon Blue","DAL","RB","5","2025","1","100.0","0.0","0","0.0","0","0.0","0.0","","0","","0","0.0","0.0","","0.00","","0","","","","0","0.0","0","0","0","0","0","0.0","0","","0","0.000","0","","0","","0","","0","0","0.0","0","0.0","","","","","","100.0","0.00","","0.0","0.0","0.0","0.00","0.0"
"131","Rashee Rice","KC","WR","8","2025","1","100.0","0.0","0","0.0","0","0.0","0.0","","0","","0","0.0","0.0","","0.00","","0","","","","0","0.0","0","0","0","0","0","0.0","0","","0","0.000","0","","0","","0","","0","0","0.0","0","0.0","","","","","","100.0","0.00","","0.0","0.0","0.0","0.00","0.0"
"132","Blake Corum","LA","RB","17","2025","10","90.9","16.0","16","19.0","1","0.1","10.0","0.10","0","","0","0.0","0.0","","0.00","","0","","","","0","0.0","0","0","0","0","0","0.0","0","","0","0.000","0","","0","","0","","0","0","0.0","0","39.6","10.0","-10.7","","","","100.0","0.00","","0.0","1.6","0.1","0.16","1.6"
"133","Hassan Haskins","LAC","RB","11","2025","8","100.0","0.0","0","0.0","0","0.0","0.0","","0","","0","0.0","0.0","","0.00","","0","","","","0","0.0","0","0","0","0","0","0.0","0","","0","0.000","0","","0","","0","","0","0","0.0","0","0.0","","","","","","100.0","0.00","","0.0","0.0","0.0","0.00","0.0"
"134","Jeff Wilson","MIA","RB","2","2025","1","100.0","0.0","0","0.0","0","0.0","0.0","","0","","0","0.0","0.0","","0.00","","0","","","","0","0.0","0","0","0","0","0","0.0","0","","0","0.000","0","","0","","0","","0","0","0.0","0","0.0","","","","","","100.0","0.00","","0.0","0.0","0.0","0.00","0.0"
"135","Zamir White","LV","RB","5","2025","3","75.0","0.0","0","0.0","0","0.0","0.0","","0","","0","0.0","0.0","","0.00","","0","","","","0","0.0","0","0","0","0","0","0.0","0","","0","0.000","0","","0","","0","","0","0","0.0","0","0.0","","","","","","100.0","0.00","","0.0","0.0","0.0","0.00","0.0"