"Team Details","","","","","","Receiving","","","","","","","","","","","","","","","","","","Advanced","","","","","","","","","","","","","","","","","","","","","","",""
"Rank","Name","G","Season","Location","Team Name","RTE","aDOT","AY","TGT","TPRR","REC","CR %","YDS","RecYDS/G","YPRR","YPT","YPR","YAC","YAC/REC","YACO","YACO/REC","TD","i20","EZTGT","EZTD","MTF","MTF/REC","1D","1D/RR","DRP","DRP %","CTGT","CTGT %","DESIGN","DESIGN %","CT","CC","CC %","HERO","RATE","1READ","1READ %","YPTOE","WIDE TGT %","SLOT TGT %","INLINE TGT %","BACK TGT %"
"1","Washington Commanders","15","2025","Washington","Commanders","114","9.8","256","26","0.23","24","92.3","446","29.7","3.91","17.15","18.58","209","8.71","35","1.46","2","4","0","0","5","0.21","13","0.114","0","","24","92.3","3","11.5","1","1","100.0","0","144.4","19","73.1","9.5","","100.0","",""
"2","Dallas Cowboys","17","2025","Dallas","Cowboys","132","9.8","293","30","0.23","25","83.3","338","19.9","2.56","11.27","13.52","117","4.68","31","1.24","2","2","2","1","3","0.12","11","0.083","0","","25","83.3","3","10.0","3","3","100.0","0","121.9","20","66.7","3.4","","100.0","",""
"3","Miami Dolphins","17","2025","Miami","Dolphins","221","6.3","301","48","0.22","38","79.2","328","19.3","1.48","6.83","8.63","160","4.21","57","1.50","1","2","0","0","3","0.08","15","0.068","2","4.2","42","87.5","2","4.2","9","6","66.7","1","93.4","33","68.8","-0.1","","100.0","",""
"4","Los Angeles Rams","14","2025","Los Angeles","Rams","145","6.6","224","34","0.23","27","79.4","257","18.4","1.77","7.56","9.52","117","4.33","40","1.48","1","1","0","0","5","0.19","10","0.069","1","2.9","31","91.2","6","17.6","8","5","62.5","0","108.0","27","79.4","0.2","","100.0","",""
"5","Detroit Lions","17","2025","Detroit","Lions","111","10.2","255","25","0.23","17","68.0","247","14.5","2.23","9.88","14.53","96","5.65","26","1.53","0","1","0","0","1","0.06","11","0.099","1","4.0","22","88.0","3","12.0","7","3","42.9","1","83.3","18","72.0","1.7","","100.0","",""
"6","Chicago Bears","17","2025","Chicago","Bears","161","9.9","348","35","0.22","22","62.9","244","14.4","1.52","6.97","11.09","81","3.68","33","1.50","2","4","4","2","0","","11","0.068","3","8.6","28","80.0","1","2.9","4","1","25.0","0","78.8","26","74.3","-1.1","","100.0","",""
"7","Indianapolis Colts","15","2025","Indianapolis","Colts","125","12.0","335","28","0.22","19","67.9","231","15.4","1.85","8.25","12.16","73","3.84","25","1.32","0","0","1","0","3","0.16","10","0.080","2","7.1","24","85.7","2","7.1","6","4","66.7","0","78.1","23","82.1","-0.2","","100.0","",""
"8","Cincinnati Bengals","16","2025","Cincinnati","Bengals","56","7.4","118","16","0.29","14","87.5","229","14.3","4.09","14.31","16.36","130","9.29","37","2.64","1","0","0","0","1","0.07","9","0.161","0","","15","93.8","6","37.5","2","1","50.0","0","139.6","15","93.8","7.1","","100.0","",""
"9","Arizona Cardinals","15","2025","Arizona","Cardinals","120","6.4","178","28","0.23","19","67.9","225","15.0","1.88","8.04","11.84","106","5.58","34","1.79","0","1","0","0","3","0.16","13","0.108","3","10.7","24","85.7","3","10.7","4","3","75.0","0","92.1","18","64.3","1.3","","100.0","",""
"10","Minnesota Vikings","17","2025","Minnesota","Vikings","107","8.1","218","27","0.25","20","74.1","214","12.6","2.00","7.93","10.70","95","4.75","35","1.75","1","0","0","0","5","0.25","9","0.084","1","3.7","22","81.5","3","11.1","2","1","50.0","0","109.2","17","63.0","0.5","","100.0","",""
"11","New York Jets","17","2025","New York","Jets","165","6.5","233","36","0.22","27","75.0","204","12.0","1.24","5.67","7.56","100","3.70","31","1.15","1","5","2","1","3","0.11","11","0.067","0","","30","83.3","3","8.3","5","2","40.0","0","97.5","31","86.1","-1.6","","100.0","",""
"12","Cleveland Browns","14","2025","Cleveland","Browns","79","5.8","104","18","0.23","17","94.4","199","14.2","2.52","11.06","11.71","94","5.53","46","2.71","0","1","0","0","2","0.12","9","0.114","0","","17","94.4","2","11.1","2","2","100.0","0","112.7","15","83.3","4.3","","100.0","",""
"13","Green Bay Packers","15","2025","Green Bay","Packers","129","7.3","218","30","0.23","23","76.7","196","13.1","1.52","6.53","8.52","91","3.96","25","1.09","1","1","1","1","2","0.09","9","0.070","2","6.7","26","86.7","3","10.0","6","4","66.7","0","90.4","22","73.3","-0.8","","100.0","",""
"14","Baltimore Ravens","16","2025","Baltimore","Ravens","96","9.0","215","24","0.25","16","66.7","187","11.7","1.95","7.79","11.69","97","6.06","28","1.75","3","7","2","2","1","0.06","11","0.115","1","4.2","19","79.2","4","16.7","5","3","60.0","0","129.7","17","70.8","-0.2","","100.0","",""
"15","Pittsburgh Steelers","17","2025","Pittsburgh","Steelers","116","5.2","135","26","0.22","21","80.8","179","10.5","1.54","6.88","8.52","74","3.52","27","1.29","1","3","1","1","3","0.14","11","0.095","1","3.8","24","92.3","2","7.7","4","3","75.0","0","108.2","16","61.5","0.4","","100.0","",""
"16","New England Patriots","15","2025","New England","Patriots","117","8.5","230","27","0.23","21","77.8","175","11.7","1.50","6.48","8.33","61","2.90","26","1.24","0","0","0","0","3","0.14","7","0.060","0","","23","85.2","3","11.1","4","2","50.0","0","78.2","19","70.4","-1.1","","100.0","",""
"17","Tennessee Titans","16","2025","Tennessee","Titans","83","4.5","95","21","0.25","18","85.7","163","10.2","1.96","7.76","9.06","96","5.33","39","2.17","1","3","0","0","6","0.33","6","0.072","0","","19","90.5","3","14.3","2","1","50.0","0","114.9","13","61.9","1.3","","100.0","",""
"18","Los Angeles Chargers","15","2025","Los Angeles","Chargers","108","9.0","234","26","0.24","20","76.9","158","10.5","1.46","6.08","7.90","82","4.10","35","1.75","0","3","2","0","2","0.10","9","0.083","0","","20","76.9","3","11.5","1","1","100.0","0","59.5","16","61.5","-1.2","","100.0","",""
"19","Jacksonville Jaguars","14","2025","Jacksonville","Jaguars","99","8.3","192","23","0.23","17","73.9","156","11.1","1.58","6.78","9.18","59","3.47","24","1.41","0","0","0","0","4","0.24","8","0.081","1","4.3","19","82.6","2","8.7","2","2","100.0","0","73.8","18","78.3","-0.6","","95.7","",""
"20","Seattle Seahawks","14","2025","Seattle","Seahawks","88","7.8","163","21","0.24","14","66.7","154","11.0","1.75","7.33","11.00","97","6.93","30","2.14","1","1","1","1","5","0.36","9","0.102","0","","16","76.2","4","19.0","3","1","33.3","0","64.5","16","76.2","-0.5","","100.0","",""
"21","Kansas City Chiefs","14","2025","Kansas City","Chiefs","81","4.3","90","21","0.26","16","76.2","146","10.4","1.80","6.95","9.13","102","6.38","27","1.69","0","1","0","0","1","0.06","7","0.086","2","9.5","18","85.7","5","23.8","1","1","100.0","0","94.5","15","71.4","0.2","","100.0","",""
"22","Tampa Bay Buccaneers","17","2025","Tampa Bay","Buccaneers","99","8.8","210","24","0.24","17","70.8","140","8.2","1.41","5.83","8.24","69","4.06","22","1.29","0","1","0","0","5","0.29","9","0.091","0","","19","79.2","3","12.5","4","1","25.0","0","68.1","18","75.0","-1.8","","100.0","",""
"23","Denver Broncos","16","2025","Denver","Broncos","97","11.1","244","22","0.23","16","72.7","134","8.4","1.38","6.09","8.38","49","3.06","13","0.81","0","1","0","0","0","","5","0.052","0","","18","81.8","2","9.1","6","3","50.0","0","69.1","20","90.9","-1.8","","100.0","",""
"24","Las Vegas Raiders","15","2025","Las Vegas","Raiders","78","5.3","96","18","0.23","15","83.3","109","7.3","1.40","6.06","7.27","46","3.07","16","1.07","0","2","0","0","0","","6","0.077","1","5.6","16","88.9","2","11.1","3","3","100.0","0","91.9","14","77.8","-0.7","","100.0","",""
"25","New York Giants","16","2025","New York","Giants","62","7.4","104","14","0.23","10","71.4","104","6.5","1.68","7.43","10.40","50","5.00","30","3.00","0","0","0","0","2","0.20","2","0.032","1","7.1","12","85.7","2","14.3","2","2","100.0","0","62.8","12","85.7","-0.3","","100.0","",""
"26","Carolina Panthers","12","2025","Carolina","Panthers","50","9.2","110","12","0.24","9","75.0","95","7.9","1.90","7.92","10.56","37","4.11","10","1.11","0","1","1","0","0","","2","0.040","0","","9","75.0","2","16.7","2","2","100.0","0","97.6","8","66.7","-0.1","","100.0","",""
"27","Houston Texans","15","2025","Houston","Texans","65","7.4","119","16","0.25","13","81.3","91","6.1","1.40","5.69","7.00","53","4.08","16","1.23","0","0","0","0","2","0.15","4","0.062","1","6.3","15","93.8","4","25.0","1","1","100.0","0","90.4","12","75.0","-2.0","","100.0","",""
"28","Buffalo Bills","13","2025","Buffalo","Bills","62","8.2","107","13","0.21","8","61.5","72","5.5","1.16","5.54","9.00","31","3.88","13","1.63","0","0","0","0","1","0.13","2","0.032","2","15.4","10","76.9","1","7.7","3","3","100.0","0","76.4","10","76.9","-2.5","","100.0","",""
"29","San Francisco 49ers","15","2025","San Francisco","49ers","40","4.0","40","10","0.25","7","70.0","65","4.3","1.63","6.50","9.29","42","6.00","8","1.14","0","2","0","0","0","","3","0.075","1","10.0","8","80.0","3","30.0","1","1","100.0","0","87.5","6","60.0","-0.1","","100.0","",""
"30","New Orleans Saints","13","2025","New Orleans","Saints","20","2.8","17","6","0.30","5","83.3","34","2.6","1.70","5.67","6.80","15","3.00","5","1.00","0","0","0","0","0","","3","0.150","0","","5","83.3","3","50.0","0","0","0.0","0","90.3","4","66.7","-0.8","","100.0","",""
"31","Philadelphia Eagles","13","2025","Philadelphia","Eagles","28","10.3","62","6","0.21","2","33.3","12","0.9","0.43","2.00","6.00","9","4.50","6","3.00","0","1","0","0","0","","0","0.000","1","16.7","5","83.3","0","","2","0","0.0","0","42.4","3","50.0","-6.7","","100.0","",""