"Player Details","","","","","","Receiving","","","","","","","","","","","","","","","","","","","","","","","Advanced","","","","","","","","","","","","","","","","","","","","","","","","","","","FPTS","","","","","",""
"Rank","Name","Team","POS","G","Season","RTE","RTE %","aDOT","AY","AY Share","TGT","TGT/G","TGT %","TPRR","REC","CR %","YDS","RecYDS/G","TM YDS %","YPRR","YPT","YPR","YAC","YAC/REC","YACO","YACO/REC","TD","TM TD %","i20 TGT","EZTGT","EZTD","DP TGT","1READ","1READ %","MTF","MTF/REC","1D","1D/RR","DRP","DRP %","CTGT","CTGT %","DESIGN","DESIGN %","CT","CC","CC %","HERO","RATE","THREAT","YPTOE","WIDE RTE %","SLOT RTE %","INLINE RTE %","BACK RTE %","FP/RR","FP/G","FP","XFP","XFP/G","XFP/RR","RecXFP"
"1","Bijan Robinson","ATL","RB","17","2025","90","75.6","-3.8","-80","-11.6","21","1.2","19.1","0.23","19","90.5","307","18.1","32.7","3.41","14.62","16.16","379","19.95","56","2.95","1","20.0","2","0","0","0","12","16.4","12","0.63","10","0.111","1","4.8","20","95.2","9","42.9","0","0","0.0","0","114.8","21.4","9.0","","","","100.0","0.62","3.3","55.7","32.4","1.9","0.36","32.4"
"2","Christian McCaffrey","SF","RB","17","2025","107","77.0","2.0","43","4.4","21","1.2","16.8","0.20","20","95.2","230","13.5","19.9","2.15","10.95","11.50","189","9.45","75","3.75","0","0.0","3","0","0","0","7","8.4","3","0.15","15","0.140","0","","20","95.2","3","14.3","0","0","0.0","0","112.3","18.4","4.4","","","","100.0","0.40","2.5","43.0","32.6","1.9","0.30","32.6"
"3","Breece Hall","NYJ","RB","16","2025","72","65.5","1.5","19","3.6","13","0.8","14.6","0.18","12","92.3","168","10.5","31.8","2.33","12.92","14.00","153","12.75","38","3.17","0","0.0","1","1","0","0","5","7.7","5","0.42","7","0.097","0","","13","100.0","3","23.1","1","0","0.0","0","118.8","16.3","6.5","","","","100.0","0.40","1.8","28.8","20.1","1.3","0.28","20.1"
"4","Kenneth Walker","SEA","RB","17","2025","46","67.6","-1.8","-21","-3.8","12","0.7","18.8","0.26","12","100.0","159","9.4","21.1","3.46","13.25","13.25","180","15.00","30","2.50","0","0.0","1","0","0","0","4","10.8","3","0.25","7","0.152","0","","12","100.0","2","16.7","0","0","0.0","0","118.8","20.3","7.5","","","","100.0","0.61","1.6","27.9","16.6","1.0","0.36","16.6"
"5","Jahmyr Gibbs","DET","RB","17","2025","73","67.6","-1.1","-21","-3.5","19","1.1","19.0","0.26","19","100.0","142","8.4","18.5","1.95","7.47","7.47","163","8.58","25","1.32","1","100.0","1","0","0","0","9","13.8","9","0.47","6","0.082","0","","19","100.0","2","10.5","1","1","100.0","0","115.4","20.9","1.6","","","","100.0","0.54","2.3","39.2","28.8","1.7","0.39","28.8"
"6","Jonathan Taylor","IND","RB","17","2025","91","67.4","-1.5","-23","-1.9","15","0.9","11.9","0.16","14","93.3","132","7.8","11.4","1.45","8.80","9.43","153","10.93","15","1.07","1","50.0","2","0","0","0","6","6.3","2","0.14","4","0.044","1","6.7","15","100.0","2","13.3","0","0","0.0","0","125.6","12.4","3.0","","","","100.0","0.36","2.0","33.2","26.9","1.6","0.30","26.9"
"7","Quinshon Judkins","CLV","RB","14","2025","47","73.4","-1.2","-17","-5.6","14","1.0","24.1","0.30","12","85.7","123","8.8","30.8","2.62","8.79","10.25","136","11.33","26","2.17","0","0.0","1","0","0","0","7","18.4","3","0.25","5","0.106","0","","13","92.9","5","35.7","1","0","0.0","1","103.3","25.5","2.9","","","","100.0","0.52","1.7","24.3","21.3","1.5","0.45","21.3"
"8","Woody Marks","HST","RB","16","2025","52","65.0","0.8","12","1.9","15","0.9","21.1","0.29","10","66.7","101","6.3","16.2","1.94","6.73","10.10","111","11.10","25","2.50","0","0.0","3","1","0","0","7","14.9","3","0.30","2","0.038","0","","12","80.0","4","26.7","1","0","0.0","0","85.7","22.7","0.2","","","","100.0","0.39","1.3","20.1","24.9","1.6","0.48","24.9"
"9","Travis Etienne","JAX","RB","17","2025","85","68.5","-2.4","-41","-4.3","17","1.0","15.5","0.20","15","88.2","98","5.8","13.9","1.15","5.76","6.53","132","8.80","31","2.07","1","16.7","3","0","0","0","10","12.7","5","0.33","5","0.059","0","","15","88.2","9","52.9","0","0","0.0","0","110.3","16.3","-0.2","","","","100.0","0.36","1.8","30.8","30.4","1.8","0.36","30.4"
"10","RJ Harvey","DEN","RB","17","2025","67","76.1","-0.2","-3","-0.5","16","0.9","19.8","0.24","13","81.3","98","5.8","14.0","1.46","6.13","7.54","113","8.69","32","2.46","0","0.0","2","0","0","0","6","12.0","1","0.08","5","0.075","1","6.3","14","87.5","1","6.3","0","0","0.0","0","92.2","20.8","-0.1","","","","100.0","0.34","1.3","22.8","26.5","1.6","0.40","26.5"
"11","Ashton Jeanty","LV","RB","17","2025","89","69.5","-1.5","-26","-4.1","17","1.0","15.0","0.19","13","76.5","97","5.7","11.2","1.09","5.71","7.46","125","9.62","41","3.15","1","50.0","1","0","0","0","5","6.6","3","0.23","4","0.045","1","5.9","14","82.4","0","","1","1","100.0","0","109.2","16.2","0.1","","","","100.0","0.32","1.7","28.7","27.2","1.6","0.31","27.2"
"12","Kyren Williams","LA","RB","17","2025","90","61.6","2.6","41","3.3","16","0.9","11.5","0.18","11","68.8","91","5.4","7.3","1.01","5.69","8.27","63","5.73","14","1.27","1","12.5","4","0","0","0","4","4.1","1","0.09","6","0.067","0","","11","68.8","0","","2","2","100.0","0","103.9","12.0","-0.7","","","","100.0","0.29","1.5","26.1","23.0","1.4","0.26","23.0"
"13","Kyle Monangai","CHI","RB","17","2025","59","65.6","0.8","8","0.9","10","0.6","12.2","0.17","8","80.0","91","5.4","14.7","1.54","9.10","11.38","89","11.13","17","2.13","0","0.0","0","0","0","0","2","4.4","2","0.25","3","0.051","2","20.0","10","100.0","1","10.0","0","0","0.0","0","104.6","13.3","2.7","","","","100.0","0.29","1.0","17.1","15.5","0.9","0.26","15.5"
"14","Chuba Hubbard","CAR","RB","15","2025","54","74.0","-1.5","-19","-4.1","13","0.9","20.0","0.24","11","84.6","87","5.8","17.5","1.61","6.69","7.91","118","10.73","26","2.36","0","0.0","2","0","0","0","5","12.2","4","0.36","6","0.111","2","15.4","13","100.0","2","15.4","0","0","0.0","0","94.6","21.3","0.8","","","","100.0","0.36","1.3","19.7","21.5","1.4","0.40","21.5"
"15","Bam Knight","ARZ","RB","12","2025","35","67.3","0.6","7","2.4","11","0.9","23.4","0.31","8","72.7","85","7.1","22.0","2.43","7.73","10.63","77","9.63","20","2.50","1","50.0","2","0","0","0","3","10.7","1","0.13","6","0.171","1","9.1","9","81.8","1","9.1","0","0","0.0","0","125.2","25.6","1.7","","","","100.0","0.64","1.9","22.5","19.1","1.6","0.54","19.1"
"16","Jaylen Warren","PIT","RB","16","2025","55","66.3","-4.9","-54","-18.2","11","0.7","15.3","0.20","11","100.0","81","5.1","17.1","1.47","7.36","7.36","135","12.27","56","5.09","0","0.0","1","0","0","0","4","8.2","8","0.73","4","0.073","0","","11","100.0","3","27.3","0","0","0.0","0","97.3","16.4","2.2","","","","100.0","0.35","1.2","19.1","17.3","1.1","0.31","17.3"
"17","De'Von Achane","MIA","RB","16","2025","57","69.5","-0.9","-13","-2.7","15","0.9","19.7","0.26","14","93.3","81","5.1","14.2","1.42","5.40","5.79","83","5.93","23","1.64","1","50.0","1","0","0","0","5","9.6","3","0.21","4","0.070","0","","14","93.3","2","13.3","1","1","100.0","0","111.4","21.1","-1.0","","","","100.0","0.49","1.8","28.1","23.8","1.5","0.42","23.8"
"18","Michael Carter","ARZ","RB","13","2025","61","75.3","1.2","20","3.9","17","1.3","24.3","0.28","13","76.5","78","6.0","19.7","1.28","4.59","6.00","67","5.15","24","1.85","0","0.0","2","0","0","0","3","7.5","4","0.31","3","0.049","2","11.8","15","88.2","0","","0","0","0.0","0","84.9","26.6","-1.6","","","","100.0","0.34","1.6","20.8","24.2","1.9","0.40","24.2"
"19","David Montgomery","DET","RB","17","2025","60","69.0","1.2","14","2.5","12","0.7","15.2","0.20","10","83.3","76","4.5","12.1","1.27","6.33","7.60","73","7.30","15","1.50","0","0.0","2","0","0","0","4","8.2","1","0.10","3","0.050","0","","10","83.3","3","25.0","0","0","0.0","0","93.1","16.7","-0.1","","","","100.0","0.29","1.0","17.6","18.0","1.1","0.30","18.0"
"20","Rico Dowdle","CAR","RB","17","2025","51","64.6","-1.2","-17","-3.9","14","0.8","20.6","0.27","14","100.0","75","4.4","16.8","1.47","5.36","5.36","92","6.57","25","1.79","1","100.0","2","0","0","1","4","12.5","1","0.07","4","0.078","0","","14","100.0","3","21.4","0","0","0.0","0","112.8","24.1","-0.7","","","","100.0","0.54","1.6","27.5","23.2","1.4","0.45","23.2"
"21","Ty Johnson","BUF","RB","17","2025","51","79.7","-2.2","-24","-8.2","11","0.6","20.4","0.22","8","72.7","72","4.2","16.8","1.41","6.55","9.00","90","11.25","24","3.00","0","0.0","1","0","0","0","5","17.2","1","0.13","4","0.078","1","9.1","9","81.8","5","45.5","0","0","0.0","0","90.0","21.6","0.1","","","","100.0","0.30","0.9","15.2","16.8","1.0","0.33","16.8"
"22","Cam Skattebo","NYG","RB","8","2025","30","83.3","-0.7","-6","-3.5","9","1.1","33.3","0.30","8","88.9","71","8.9","27.4","2.37","7.89","8.88","77","9.63","19","2.38","1","50.0","1","0","0","0","4","22.2","2","0.25","4","0.133","1","11.1","9","100.0","3","33.3","0","0","0.0","0","136.6","36.0","2.0","","","","100.0","0.70","2.6","21.1","13.7","1.7","0.46","13.7"
"23","Josh Jacobs","GB","RB","15","2025","53","75.7","-2.4","-34","-9.2","14","0.9","22.2","0.26","11","78.6","71","4.7","12.6","1.34","5.07","6.45","93","8.45","20","1.82","0","0.0","0","0","0","0","3","8.6","4","0.36","1","0.019","0","","11","78.6","2","14.3","0","0","0.0","0","87.8","24.1","-0.7","","","","100.0","0.34","1.2","18.1","20.0","1.3","0.38","20.0"
"24","Chase Brown","CIN","RB","17","2025","74","79.6","-0.6","-7","-1.4","12","0.7","13.6","0.16","11","91.7","67","3.9","11.4","0.91","5.58","6.09","73","6.64","15","1.36","0","0.0","0","0","0","0","3","5.2","4","0.36","3","0.041","1","8.3","12","100.0","0","","2","2","100.0","0","89.9","14.6","-0.4","","","","100.0","0.24","1.0","17.7","19.3","1.1","0.26","19.3"
"25","Tony Pollard","TEN","RB","17","2025","76","61.3","0.4","5","0.7","13","0.8","11.4","0.17","10","76.9","66","3.9","10.3","0.87","5.08","6.60","69","6.90","27","2.70","0","0.0","1","0","0","0","3","4.2","0","","5","0.066","1","7.7","11","84.6","2","15.4","1","1","100.0","0","55.3","12.9","-1.2","","","","100.0","0.22","1.0","16.6","21.7","1.3","0.29","21.7"
"26","TreVeyon Henderson","NE","RB","17","2025","72","82.8","-1.3","-17","-2.6","13","0.8","17.3","0.18","10","76.9","63","3.7","8.4","0.88","4.85","6.30","80","8.00","16","1.60","0","0.0","1","0","0","0","4","9.1","1","0.10","0","0.000","2","15.4","12","92.3","4","30.8","0","0","0.0","0","86.4","18.3","-1.2","","","","100.0","0.23","1.0","16.3","21.2","1.2","0.29","21.2"
"27","Kenneth Gainwell","PIT","RB","17","2025","36","76.6","-1.4","-14","-8.9","10","0.6","21.7","0.28","10","100.0","62","3.6","24.2","1.72","6.20","6.20","76","7.60","9","0.90","0","0.0","2","0","0","0","5","17.2","0","","4","0.111","0","","10","100.0","2","20.0","0","0","0.0","0","92.5","22.7","0.2","","","","100.0","0.45","1.0","16.2","15.0","0.9","0.42","15.0"
"28","Tyrone Tracy","NYG","RB","15","2025","58","69.0","0.1","1","0.2","9","0.6","12.3","0.16","8","88.9","62","4.1","8.6","1.07","6.89","7.75","64","8.00","18","2.25","1","25.0","1","1","1","1","3","5.8","2","0.25","3","0.052","0","","8","88.9","2","22.2","1","1","100.0","0","132.4","13.0","1.3","","","","100.0","0.35","1.3","20.2","15.4","1.0","0.27","15.4"
"29","Emanuel Wilson","GB","RB","17","2025","33","64.7","-0.6","-3","-1.1","5","0.3","11.9","0.15","5","100.0","59","3.5","17.7","1.79","11.80","11.80","62","12.40","25","5.00","0","0.0","0","0","0","0","1","3.6","3","0.60","2","0.061","0","","5","100.0","1","20.0","0","0","0.0","0","115.8","13.5","5.8","","","","100.0","0.33","0.6","10.9","8.2","0.5","0.25","8.2"
"30","Rhamondre Stevenson","NE","RB","14","2025","69","68.3","1.1","10","1.6","9","0.6","10.6","0.13","7","77.8","59","4.2","7.9","0.86","6.56","8.43","69","9.86","6","0.86","0","0.0","0","0","0","0","2","3.6","1","0.14","1","0.014","1","11.1","8","88.9","2","22.2","0","0","0.0","0","94.0","11.4","0.0","","","","100.0","0.19","0.9","12.9","13.1","0.9","0.19","13.1"
"31","Jeremy McNichols","WAS","RB","17","2025","37","72.5","-1.9","-21","-16.2","11","0.6","30.6","0.30","7","63.6","58","3.4","28.4","1.57","5.27","8.29","87","12.43","30","4.29","0","0.0","0","0","0","0","4","23.5","1","0.14","4","0.108","1","9.1","8","72.7","3","27.3","0","0","0.0","0","39.2","34.4","-0.7","","","","100.0","0.35","0.8","12.8","16.1","0.9","0.44","16.1"
"32","Tyjae Spears","TEN","RB","13","2025","43","68.3","-2.4","-24","-5.5","10","0.8","18.5","0.23","8","80.0","58","4.5","17.6","1.35","5.80","7.25","73","9.13","22","2.75","0","0.0","0","0","0","0","4","11.8","3","0.38","3","0.070","1","10.0","9","90.0","1","10.0","0","0","0.0","0","90.8","20.0","0.2","","","","100.0","0.32","1.1","13.8","13.6","1.0","0.32","13.6"
"33","Bucky Irving","TB","RB","10","2025","42","72.4","-2.9","-32","-12.7","11","1.1","19.6","0.26","9","81.8","56","5.6","18.1","1.33","5.09","6.22","94","10.44","28","3.11","0","0.0","1","0","0","0","4","11.8","5","0.56","3","0.071","0","","9","81.8","3","27.3","0","0","0.0","0","87.9","20.4","-0.5","","","","100.0","0.35","1.5","14.6","20.4","2.0","0.49","20.4"
"34","D'Andre Swift","CHI","RB","16","2025","78","69.6","-0.8","-10","-1.4","13","0.8","12.7","0.17","10","76.9","54","3.4","7.2","0.69","4.15","5.40","50","5.00","7","0.70","0","0.0","0","0","0","0","6","9.5","1","0.10","4","0.051","1","7.7","11","84.6","3","23.1","0","0","0.0","0","83.5","14.3","-2.0","","","","100.0","0.20","1.0","15.4","19.6","1.2","0.25","19.6"
"35","Ray Davis","BUF","RB","17","2025","23","79.3","0.6","3","1.7","5","0.3","19.2","0.22","4","80.0","54","3.2","17.5","2.35","10.80","13.50","52","13.00","4","1.00","1","50.0","1","0","0","0","1","7.1","2","0.50","4","0.174","0","","4","80.0","0","","0","0","0.0","0","151.3","19.2","4.7","","","","100.0","0.67","0.9","15.4","7.2","0.4","0.31","7.2"
"36","Rachaad White","TB","RB","17","2025","68","63.0","-1.4","-13","-1.7","9","0.5","10.3","0.13","9","100.0","53","3.1","10.3","0.78","5.89","5.89","66","7.33","26","2.89","0","0.0","0","0","0","0","5","8.6","1","0.11","3","0.044","0","","9","100.0","4","44.4","0","0","0.0","0","91.2","10.8","-0.2","","","","100.0","0.21","0.8","14.3","12.9","0.8","0.19","12.9"
"37","Alvin Kamara","NO","RB","11","2025","60","71.4","2.9","40","6.7","14","1.3","19.7","0.23","10","71.4","52","4.7","11.1","0.87","3.71","5.20","51","5.10","4","0.40","0","0.0","1","0","0","1","8","15.4","1","0.10","2","0.033","1","7.1","12","85.7","0","","1","0","0.0","0","77.1","20.0","-2.6","","","","100.0","0.25","1.4","15.2","23.6","2.1","0.39","23.6"
"38","Tyler Warren","IND","TE","17","2025","7","100.0","6.3","19","37.3","3","0.2","42.9","0.43","3","100.0","49","2.9","87.5","7.00","16.33","16.33","30","10.00","5","1.67","0","0.0","0","0","0","0","3","50.0","0","","1","0.143","0","","3","100.0","0","","0","0","0.0","0","118.8","42.9","8.3","","","","100.0","1.13","0.5","7.9","4.9","0.3","0.70","4.9"
"39","Derrick Henry","BLT","RB","17","2025","47","68.1","2.2","13","2.1","6","0.4","10.2","0.13","4","66.7","47","2.8","7.4","1.00","7.83","11.75","39","9.75","7","1.75","0","0.0","0","0","0","0","1","2.5","1","0.25","2","0.043","0","","4","66.7","0","","0","0","0.0","0","50.7","10.7","1.6","","","","100.0","0.19","0.5","8.7","7.8","0.5","0.17","7.8"
"40","Aaron Jones","MIN","RB","12","2025","36","72.0","-0.9","-7","-2.4","8","0.7","17.8","0.22","6","75.0","44","3.7","15.5","1.22","5.50","7.33","48","8.00","8","1.33","0","0.0","1","0","0","0","4","14.3","0","","1","0.028","2","25.0","8","100.0","3","37.5","0","0","0.0","0","87.5","21.1","-0.4","","","","100.0","0.29","0.9","10.4","14.5","1.2","0.40","14.5"
"41","Bhayshul Tuten","JAX","RB","15","2025","23","67.6","0.3","2","0.8","6","0.4","20.0","0.26","4","66.7","43","2.9","18.8","1.87","7.17","10.75","44","11.00","6","1.50","0","0.0","0","0","0","0","1","5.3","1","0.25","1","0.043","1","16.7","5","83.3","1","16.7","1","0","0.0","0","87.5","21.4","1.3","","","","100.0","0.36","0.6","8.3","10.3","0.7","0.45","10.3"
"42","Kareem Hunt","KC","RB","17","2025","52","66.7","-0.6","-4","-0.6","7","0.4","11.1","0.13","6","85.7","43","2.5","7.2","0.83","6.14","7.17","47","7.83","14","2.33","0","0.0","0","0","0","0","3","7.9","0","","3","0.058","0","","6","85.7","2","28.6","0","0","0.0","0","92.3","11.9","0.1","","","","100.0","0.20","0.6","10.3","10.1","0.6","0.19","10.1"
"43","Omarion Hampton","LAC","RB","9","2025","42","80.8","-0.7","-6","-1.7","9","1.0","20.5","0.21","7","77.8","42","4.7","12.2","1.00","4.67","6.00","52","7.43","13","1.86","0","0.0","0","0","0","0","3","12.0","0","","1","0.024","0","","8","88.9","1","11.1","2","1","50.0","0","86.1","21.4","-1.4","","","","100.0","0.27","1.2","11.2","13.3","1.5","0.32","13.3"
"44","Saquon Barkley","PHI","RB","16","2025","63","57.8","-0.8","-8","-1.0","10","0.6","10.8","0.16","5","50.0","39","2.4","6.1","0.62","3.90","7.80","43","8.60","-1","-0.20","0","0.0","0","0","0","0","2","3.6","0","","2","0.032","4","40.0","9","90.0","0","","0","0","0.0","0","60.0","11.6","-1.5","","","","100.0","0.14","0.6","8.9","14.3","0.9","0.23","14.3"
"45","James Cook","BUF","RB","17","2025","73","74.5","0.2","2","0.4","11","0.6","13.8","0.15","9","81.8","37","2.2","5.5","0.51","3.36","4.11","32","3.56","11","1.22","1","25.0","2","0","0","0","4","8.2","1","0.11","1","0.014","0","","10","90.9","1","9.1","0","0","0.0","0","111.0","14.5","-2.7","","","","100.0","0.26","1.1","18.7","17.5","1.0","0.24","17.5"
"46","Jacory Croskey-Merritt","WAS","RB","17","2025","37","58.7","-0.5","-2","-0.5","4","0.2","8.0","0.11","3","75.0","37","2.2","8.4","1.00","9.25","12.33","34","11.33","2","0.67","0","0.0","0","0","0","0","1","3.3","0","","2","0.054","0","","3","75.0","1","25.0","0","0","0.0","0","103.1","8.7","3.1","","","","100.0","0.18","0.4","6.7","7.9","0.5","0.21","7.9"
"47","Samaje Perine","CIN","RB","15","2025","38","71.7","-2.0","-12","-2.8","6","0.4","12.2","0.16","6","100.0","36","2.4","8.8","0.95","6.00","6.00","48","8.00","12","2.00","0","0.0","0","0","0","0","0","0.0","1","0.17","2","0.053","0","","6","100.0","0","","0","0","0.0","0","91.7","13.0","0.3","","","","100.0","0.25","0.6","9.6","9.5","0.6","0.25","9.5"
"48","Zavier Scott","MIN","RB","11","2025","12","66.7","-3.7","-11","-14.9","3","0.3","20.0","0.25","3","100.0","35","3.2","24.0","2.92","11.67","11.67","46","15.33","27","9.00","0","0.0","0","0","0","0","2","22.2","2","0.67","3","0.250","0","","3","100.0","1","33.3","0","0","0.0","0","115.3","20.0","6.1","","","","100.0","0.54","0.6","6.5","4.0","0.4","0.34","4.0"
"49","Tyler Allgeier","ATL","RB","17","2025","26","57.8","-4.0","-16","-8.6","4","0.2","9.3","0.15","4","100.0","32","1.9","12.8","1.23","8.00","8.00","48","12.00","10","2.50","0","0.0","0","0","0","0","1","3.6","0","","1","0.038","0","","4","100.0","1","25.0","0","0","0.0","0","100.0","10.0","2.4","","","","100.0","0.28","0.4","7.2","5.7","0.3","0.22","5.7"
"50","Jaylen Wright","MIA","RB","10","2025","16","80.0","-3.4","-17","-21.0","5","0.5","26.3","0.31","3","60.0","31","3.1","21.2","1.94","6.20","10.33","42","14.00","29","9.67","0","0.0","0","0","0","0","3","17.6","1","0.33","2","0.125","1","20.0","5","100.0","3","60.0","1","0","0.0","0","77.9","26.3","0.5","","","","100.0","0.38","0.6","6.1","7.3","0.7","0.45","7.3"
"51","Isiah Pacheco","KC","RB","13","2025","53","65.4","-2.5","-25","-5.8","10","0.8","14.3","0.19","6","60.0","29","2.2","5.5","0.55","2.90","4.83","39","6.50","7","1.17","0","0.0","1","0","0","0","2","4.5","0","","1","0.019","4","40.0","10","100.0","2","20.0","0","0","0.0","0","64.6","15.9","-3.2","","","","100.0","0.17","0.7","8.9","15.1","1.2","0.29","15.1"
"52","Chris Brooks","GB","RB","17","2025","26","68.4","1.4","7","2.0","5","0.3","15.2","0.19","4","80.0","28","1.6","12.2","1.08","5.60","7.00","26","6.50","4","1.00","0","0.0","1","0","0","0","1","5.6","2","0.50","0","0.000","0","","4","80.0","0","","0","0","0.0","0","90.0","15.6","-0.8","","","","100.0","0.26","0.4","6.8","7.3","0.4","0.28","7.3"
"53","DJ Moore","CHI","WR","17","2025","5","71.4","6.3","19","33.9","3","0.2","42.9","0.60","3","100.0","28","1.6","59.6","5.60","9.33","9.33","9","3.00","2","0.67","0","0.0","0","0","0","1","2","50.0","0","","1","0.200","0","","3","100.0","1","33.3","1","1","100.0","0","105.6","42.9","2.4","","","","100.0","1.16","0.3","5.8","3.9","0.2","0.78","3.9"
"54","Jerome Ford","CLV","RB","13","2025","34","72.3","-2.5","-15","-5.0","6","0.5","15.0","0.18","6","100.0","28","2.2","14.0","0.82","4.67","4.67","43","7.17","14","2.33","0","0.0","0","0","0","0","2","8.7","2","0.33","0","0.000","0","","6","100.0","2","33.3","0","0","0.0","0","86.1","17.1","-1.2","","","","100.0","0.26","0.7","8.8","11.0","0.8","0.32","11.0"
"55","Tyler Badie","DEN","RB","16","2025","30","81.1","-2.2","-11","-3.5","5","0.3","13.9","0.17","3","60.0","27","1.7","14.1","0.90","5.40","9.00","34","11.33","5","1.67","0","0.0","0","0","0","0","1","5.0","0","","1","0.033","1","20.0","4","80.0","1","20.0","0","0","0.0","0","74.6","14.7","-0.4","","","","100.0","0.19","0.4","5.7","7.1","0.4","0.24","7.1"
"56","Kimani Vidal","LAC","RB","13","2025","49","63.6","-2.3","-16","-3.1","7","0.5","10.4","0.14","7","100.0","26","2.0","5.4","0.53","3.71","3.71","42","6.00","6","0.86","1","50.0","2","0","0","0","2","4.5","0","","2","0.041","0","","7","100.0","0","","0","0","0.0","0","121.7","11.3","-2.1","","","","100.0","0.32","1.2","15.6","12.7","1.0","0.26","12.7"
"57","Cole Kmet","CHI","TE","16","2025","6","66.7","12.5","25","16.7","2","0.1","25.0","0.33","1","50.0","26","1.6","14.7","4.33","13.00","26.00","2","2.00","","","0","0.0","0","0","0","1","0","0.0","0","","1","0.167","0","","1","50.0","0","","1","1","100.0","0","95.8","25.0","2.4","","","","100.0","0.60","0.2","3.6","4.0","0.2","0.66","4.0"
"58","J.K. Dobbins","DEN","RB","10","2025","32","50.8","-2.3","-18","-4.2","8","0.8","14.8","0.25","6","75.0","25","2.5","7.7","0.78","3.13","4.17","34","5.67","9","1.50","0","0.0","0","0","0","0","4","9.5","1","0.17","0","0.000","1","12.5","7","87.5","2","25.0","0","0","0.0","0","77.6","16.0","-2.7","","","","100.0","0.27","0.9","8.5","11.3","1.1","0.35","11.3"
"59","Jordan Mason","MIN","RB","16","2025","33","57.9","-3.2","-19","-4.8","6","0.4","11.5","0.18","4","66.7","21","1.3","5.8","0.64","3.50","5.25","38","9.50","9","2.25","0","0.0","0","0","0","0","4","11.1","0","","1","0.030","1","16.7","5","83.3","4","66.7","0","0","0.0","0","72.2","12.2","-2.1","","","","100.0","0.18","0.4","6.1","9.3","0.6","0.28","9.3"
"60","Audric Estime","NO","RB","6","2025","25","80.6","2.0","8","3.0","4","0.7","14.3","0.16","3","75.0","21","3.5","10.7","0.84","5.25","7.00","16","5.33","4","1.33","0","0.0","0","0","0","0","3","12.5","1","0.33","0","0.000","0","","3","75.0","0","","0","0","0.0","0","86.5","14.3","-1.1","","","","100.0","0.20","0.9","5.1","5.7","1.0","0.23","5.7"
"61","Najee Harris","LAC","RB","3","2025","7","77.8","2.5","5","7.1","2","0.7","28.6","0.29","2","100.0","20","6.7","45.5","2.86","10.00","10.00","15","7.50","8","4.00","0","0.0","0","0","0","0","1","16.7","1","0.50","1","0.143","0","","2","100.0","0","","0","0","0.0","0","108.3","28.6","3.8","","","","100.0","0.57","1.3","4.0","2.7","0.9","0.39","2.7"
"62","Isaiah Davis","NYJ","RB","16","2025","45","71.4","2.2","11","2.5","5","0.3","9.4","0.11","4","80.0","20","1.3","6.2","0.44","4.00","5.00","15","3.75","4","1.00","0","0.0","0","0","0","0","2","6.7","0","","1","0.022","0","","4","80.0","1","20.0","1","1","100.0","0","83.3","11.1","-2.9","","","","100.0","0.13","0.4","6.0","7.5","0.5","0.17","7.5"
"63","Emari Demercado","ARZ","RB","13","2025","28","70.0","-0.8","-5","-2.3","6","0.5","16.7","0.21","4","66.7","19","1.5","7.4","0.68","3.17","4.75","20","5.00","4","1.00","0","0.0","0","0","0","0","0","0.0","0","","0","0.000","0","","4","66.7","0","","0","0","0.0","0","70.8","18.8","-2.8","","","","100.0","0.21","0.5","5.9","8.8","0.7","0.31","8.8"
"64","James Conner","ARZ","RB","3","2025","10","58.8","-4.0","-16","-44.4","4","1.3","28.6","0.40","4","100.0","19","6.3","38.8","1.90","4.75","4.75","35","8.75","10","2.50","0","0.0","0","0","0","0","2","18.2","0","","2","0.200","0","","4","100.0","2","50.0","0","0","0.0","0","86.5","28.6","-0.6","","","","100.0","0.59","2.0","5.9","5.5","1.8","0.55","5.5"
"65","Javonte Williams","DAL","RB","16","2025","71","70.3","0.3","2","0.2","8","0.5","8.5","0.11","6","75.0","18","1.1","2.2","0.25","2.25","3.00","26","4.33","12","2.00","0","0.0","0","0","0","0","4","6.7","0","","2","0.028","0","","7","87.5","3","37.5","2","0","0.0","0","77.1","8.9","-4.1","","","","100.0","0.11","0.5","7.8","11.3","0.7","0.16","11.3"
"66","Zach Charbonnet","SEA","RB","16","2025","46","66.7","2.0","8","1.6","4","0.3","6.3","0.09","2","50.0","18","1.1","3.4","0.39","4.50","9.00","20","10.00","6","3.00","0","0.0","0","0","0","0","0","0.0","2","1.00","1","0.022","0","","2","50.0","0","","0","0","0.0","0","62.5","7.3","-2.1","","","","100.0","0.08","0.2","3.8","5.8","0.4","0.13","5.8"
"67","Zamir White","LV","RB","5","2025","14","87.5","-1.3","-4","-3.9","3","0.6","21.4","0.21","3","100.0","18","3.6","14.2","1.29","6.00","6.00","22","7.33","6","2.00","0","0.0","0","0","0","0","0","0.0","0","","0","0.000","0","","3","100.0","0","","0","0","0.0","0","91.7","21.4","0.3","","","","100.0","0.34","1.0","4.8","4.5","0.9","0.32","4.5"
"68","Jaleel McLaughlin","DEN","RB","8","2025","5","55.6","-4.3","-13","-260.0","3","0.4","50.0","0.60","3","100.0","18","2.3","100.0","3.60","6.00","6.00","31","10.33","16","5.33","0","0.0","0","0","0","0","1","100.0","2","0.67","1","0.200","0","","3","100.0","0","","0","0","0.0","0","91.7","60.0","0.3","","","","100.0","0.96","0.6","4.8","4.2","0.5","0.84","4.2"
"69","Jaxon Smith-Njigba","SEA","WR","17","2025","2","100.0","3.0","3","60.0","1","0.1","50.0","0.50","1","100.0","17","1.0","65.4","8.50","17.00","17.00","14","14.00","14","14.00","0","0.0","0","0","0","0","1","50.0","2","2.00","1","0.500","0","","1","100.0","0","","0","0","0.0","0","118.8","50.0","11.6","","","","100.0","1.35","0.2","2.7","1.6","0.1","0.79","1.6"
"70","Cooper Kupp","SEA","WR","16","2025","2","100.0","3.0","3","100.0","1","0.1","100.0","0.50","1","100.0","17","1.1","100.0","8.50","17.00","17.00","14","14.00","3","3.00","0","0.0","0","0","0","0","1","100.0","0","","1","0.500","0","","1","100.0","0","","0","0","0.0","0","118.8","100.0","11.6","","","","100.0","1.35","0.2","2.7","1.4","0.1","0.70","1.4"
"71","Travis Kelce","KC","TE","17","2025","2","66.7","11.0","11","50.0","1","0.1","33.3","0.50","1","100.0","17","1.0","100.0","8.50","17.00","17.00","6","6.00","2","2.00","0","0.0","1","0","0","0","1","50.0","0","","1","0.500","0","","1","100.0","0","","0","0","0.0","0","118.8","50.0","8.3","","","","100.0","1.35","0.2","2.7","1.5","0.1","0.74","1.5"
"72","LeQuint Allen","JAX","RB","17","2025","33","63.5","-3.7","-11","-2.7","3","0.2","6.5","0.09","3","100.0","16","0.9","5.4","0.48","5.33","5.33","27","9.00","15","5.00","0","0.0","1","0","0","0","1","3.2","0","","0","0.000","0","","3","100.0","1","33.3","0","0","0.0","0","88.9","6.7","-0.5","","","","100.0","0.14","0.3","4.6","4.2","0.2","0.13","4.2"
"73","Devin Neal","NO","RB","9","2025","34","81.0","-0.8","-4","-1.2","5","0.6","13.2","0.15","4","80.0","16","1.8","6.9","0.47","3.20","4.00","20","5.00","3","0.75","0","0.0","1","0","0","0","2","7.4","0","","0","0.000","1","20.0","5","100.0","1","20.0","0","0","0.0","0","80.0","14.3","-2.6","","","","100.0","0.16","0.6","5.6","8.6","1.0","0.25","8.6"
"74","Nick Chubb","HST","RB","15","2025","32","49.2","0.6","3","0.6","5","0.3","8.5","0.16","3","60.0","16","1.1","3.5","0.50","3.20","5.33","18","6.00","8","2.67","0","0.0","0","0","0","0","1","2.4","0","","0","0.000","1","20.0","4","80.0","1","20.0","0","0","0.0","0","65.4","8.6","-3.2","","","","100.0","0.14","0.3","4.6","8.6","0.6","0.27","8.6"
"75","George Holani","SEA","RB","10","2025","4","66.7","-0.5","-1","-2.4","2","0.2","33.3","0.50","2","100.0","15","1.5","57.7","3.75","7.50","7.50","16","8.00","4","2.00","0","0.0","0","0","0","0","0","0.0","0","","1","0.250","0","","2","100.0","0","","0","0","0.0","0","97.9","33.3","1.3","","","","100.0","0.88","0.4","3.5","2.5","0.2","0.62","2.5"
"76","Trey Benson","ARZ","RB","4","2025","18","81.8","-1.8","-9","-6.6","5","1.3","26.3","0.28","5","100.0","15","3.8","10.3","0.83","3.00","3.00","24","4.80","6","1.20","0","0.0","0","0","0","0","2","15.4","1","0.20","0","0.000","0","","5","100.0","1","20.0","0","0","0.0","0","79.2","27.8","-2.8","","","","100.0","0.36","1.6","6.5","6.9","1.7","0.38","6.9"
"77","Miles Sanders","DAL","RB","4","2025","9","60.0","-4.8","-19","-16.0","4","1.0","26.7","0.44","4","100.0","15","3.8","11.5","1.67","3.75","3.75","34","8.50","16","4.00","0","0.0","0","0","0","0","2","18.2","2","0.50","0","0.000","0","","4","100.0","2","50.0","0","0","0.0","0","82.3","26.7","-1.8","","","","100.0","0.61","1.4","5.5","6.9","1.7","0.77","6.9"
"78","Amon-Ra St. Brown","DET","WR","17","2025","2","100.0","1.0","1","100.0","1","0.1","50.0","0.50","1","100.0","14","0.8","73.7","7.00","14.00","14.00","13","13.00","","","0","0.0","0","0","0","0","1","50.0","0","","1","0.500","0","","1","100.0","0","","0","0","0.0","0","118.8","50.0","8.9","","","","100.0","1.20","0.1","2.4","1.6","0.1","0.80","1.6"
"79","Will Shipley","PHI","RB","15","2025","16","80.0","0.0","0","0.0","4","0.3","22.2","0.25","3","75.0","14","0.9","11.2","0.88","3.50","4.67","17","5.67","1","0.33","0","0.0","1","0","0","0","1","11.1","0","","0","0.000","1","25.0","4","100.0","0","","0","0","0.0","0","79.2","25.0","-2.6","","","","100.0","0.28","0.3","4.4","6.1","0.4","0.38","6.1"
"80","Colson Yankoff","WAS","TE","14","2025","1","100.0","13.0","13","100.0","1","0.1","100.0","1.00","1","100.0","14","1.0","100.0","14.00","14.00","14.00","1","1.00","-1","-1.00","0","0.0","0","0","0","0","1","100.0","0","","1","1.000","0","","1","100.0","0","","0","0","0.0","0","118.8","100.0","4.0","","","","100.0","2.40","0.2","2.4","1.9","0.1","1.94","1.9"
"81","Tanner Hudson","CIN","TE","13","2025","2","100.0","0.0","0","0.0","1","0.1","50.0","0.50","1","100.0","13","1.0","52.0","6.50","13.00","13.00","13","13.00","3","3.00","0","0.0","0","0","0","0","0","0.0","0","","1","0.500","0","","1","100.0","0","","0","0","0.0","0","118.8","50.0","7.7","","","","100.0","1.15","0.2","2.3","1.4","0.1","0.72","1.4"
"82","Devin Singletary","NYG","RB","17","2025","18","51.4","-1.7","-5","-1.8","3","0.2","9.4","0.17","3","100.0","12","0.7","4.9","0.67","4.00","4.00","17","5.67","10","3.33","0","0.0","0","0","0","0","2","9.1","1","0.33","0","0.000","0","","3","100.0","2","66.7","0","0","0.0","0","83.3","9.7","-2.1","","","","100.0","0.23","0.2","4.2","4.7","0.3","0.26","4.7"
"83","Keaton Mitchell","BLT","RB","13","2025","11","84.6","-1.0","-2","-3.2","2","0.2","20.0","0.18","1","50.0","12","0.9","19.0","1.09","6.00","12.00","10","10.00","","","0","0.0","0","0","0","0","0","0.0","0","","1","0.091","0","","1","50.0","0","","0","0","0.0","0","68.8","20.0","0.0","","","","100.0","0.20","0.2","2.2","2.9","0.2","0.26","2.9"
"84","Braelon Allen","NYJ","RB","4","2025","8","80.0","3.0","3","5.3","1","0.3","14.3","0.13","1","100.0","12","3.0","20.0","1.50","12.00","12.00","9","9.00","6","6.00","0","0.0","0","0","0","0","1","16.7","1","1.00","1","0.125","0","","1","100.0","0","","0","0","0.0","0","116.7","14.3","5.5","","","","100.0","0.28","0.6","2.2","1.4","0.4","0.18","1.4"
"85","Michael Mayer","LV","TE","13","2025","3","75.0","2.0","2","20.0","1","0.1","33.3","0.33","1","100.0","11","0.8","52.4","3.67","11.00","11.00","9","9.00","3","3.00","0","0.0","0","0","0","0","1","50.0","0","","1","0.333","0","","1","100.0","0","","0","0","0.0","0","112.5","33.3","4.6","","","","100.0","0.70","0.2","2.1","1.3","0.1","0.44","1.3"
"86","Durham Smythe","CHI","TE","17","2025","4","57.1","5.0","5","4.9","1","0.1","14.3","0.25","1","100.0","11","0.6","9.3","2.75","11.00","11.00","6","6.00","1","1.00","0","0.0","0","0","0","0","0","0.0","0","","1","0.250","0","","1","100.0","0","","0","0","0.0","0","112.5","14.3","4.5","","","","100.0","0.53","0.1","2.1","1.5","0.1","0.37","1.5"
"87","Ja'Marr Chase","CIN","WR","16","2025","1","100.0","0.0","0","0.0","1","0.1","100.0","1.00","1","100.0","11","0.7","100.0","11.00","11.00","11.00","11","11.00","4","4.00","0","0.0","0","0","0","0","1","100.0","0","","1","1.000","0","","1","100.0","0","","0","0","0.0","0","112.5","100.0","5.0","","","","100.0","2.10","0.1","2.1","1.5","0.1","1.54","1.5"
"88","Hunter Henry","NE","TE","17","2025","6","100.0","7.0","14","16.9","2","0.1","40.0","0.33","1","50.0","11","0.6","12.6","1.83","5.50","11.00","4","4.00","1","1.00","0","0.0","0","0","0","0","0","0.0","0","","1","0.167","0","","2","100.0","0","","1","0","0.0","0","66.7","40.0","-1.8","","","","100.0","0.35","0.1","2.1","3.1","0.2","0.51","3.1"
"89","Blake Corum","LA","RB","17","2025","26","54.2","-0.5","-2","-0.5","4","0.2","8.3","0.15","3","75.0","11","0.6","3.0","0.42","2.75","3.67","11","3.67","2","0.67","0","0.0","0","0","0","0","0","0.0","0","","1","0.038","0","","3","75.0","0","","0","0","0.0","0","77.1","8.5","-3.3","","","","100.0","0.16","0.2","4.1","5.7","0.3","0.22","5.7"
"90","Justin Jefferson","MIN","WR","17","2025","3","100.0","0.0","0","0.0","1","0.1","50.0","0.33","1","100.0","11","0.6","100.0","3.67","11.00","11.00","11","11.00","2","2.00","0","0.0","0","0","0","0","1","100.0","0","","1","0.333","0","","1","100.0","0","","0","0","0.0","0","112.5","100.0","5.0","","","","100.0","0.70","0.1","2.1","1.3","0.1","0.45","1.3"
"91","Colston Loveland","CHI","TE","16","2025","3","100.0","8.0","8","21.1","1","0.1","33.3","0.33","1","100.0","10","0.6","20.8","3.33","10.00","10.00","2","2.00","","","0","0.0","0","0","0","0","0","0.0","0","","1","0.333","0","","1","100.0","0","","0","0","0.0","0","108.3","33.3","2.3","","","","100.0","0.67","0.1","2.0","2.0","0.1","0.67","2.0"
"92","Luther Burden","CHI","WR","15","2025","1","100.0","4.0","4","100.0","1","0.1","100.0","1.00","1","100.0","10","0.7","100.0","10.00","10.00","10.00","6","6.00","","","0","0.0","0","0","0","0","0","0.0","0","","1","1.000","0","","1","100.0","0","","0","0","0.0","0","108.3","100.0","4.0","","","","100.0","2.00","0.1","2.0","1.4","0.1","1.36","1.4"
"93","Drew Sample","CIN","TE","17","2025","9","47.4","1.5","3","1.7","2","0.1","11.1","0.22","2","100.0","10","0.6","6.8","1.11","5.00","5.00","7","3.50","2","1.00","0","0.0","0","0","0","0","0","0.0","0","","1","0.111","0","","2","100.0","0","","0","0","0.0","0","87.5","11.1","-0.8","","","","100.0","0.33","0.2","3.0","2.9","0.2","0.32","2.9"
"94","Tahj Brooks","CIN","RB","12","2025","7","87.5","-2.0","-2","-4.2","1","0.1","12.5","0.14","1","100.0","9","0.8","12.3","1.29","9.00","9.00","11","11.00","1","1.00","0","0.0","0","0","0","0","1","16.7","0","","0","0.000","0","","1","100.0","1","100.0","0","0","0.0","0","104.2","14.3","2.8","","","","100.0","0.27","0.2","1.9","1.5","0.1","0.22","1.5"
"95","Juwan Johnson","NO","TE","17","2025","4","100.0","-5.0","-5","-10.0","1","0.1","25.0","0.25","1","100.0","9","0.5","34.6","2.25","9.00","9.00","14","14.00","2","2.00","0","0.0","0","0","0","0","0","0.0","0","","0","0.000","0","","1","100.0","0","","0","0","0.0","0","104.2","25.0","4.6","","","","100.0","0.48","0.1","1.9","1.5","0.1","0.37","1.5"
"96","Ty Chandler","MIN","RB","3","2025","5","62.5","-5.0","-10","-26.3","2","0.7","33.3","0.40","2","100.0","9","3.0","23.1","1.80","4.50","4.50","19","9.50","4","2.00","0","0.0","1","0","0","0","2","100.0","0","","1","0.200","0","","2","100.0","2","100.0","0","0","0.0","0","85.4","40.0","-0.8","","","","100.0","0.58","1.0","2.9","3.8","1.3","0.76","3.8"
"97","Justice Hill","BLT","RB","10","2025","18","60.0","-2.0","-4","-1.8","2","0.2","8.7","0.11","1","50.0","9","0.9","6.6","0.50","4.50","9.00","15","15.00","9","9.00","0","0.0","0","0","0","0","0","0.0","2","2.00","0","0.000","0","","1","50.0","0","","0","0","0.0","0","62.5","8.7","-1.2","","","","100.0","0.11","0.2","1.9","2.8","0.3","0.15","2.8"
"98","Terrell Jennings","NE","RB","6","2025","4","80.0","2.0","2","8.7","1","0.2","25.0","0.25","1","100.0","9","1.5","33.3","2.25","9.00","9.00","7","7.00","3","3.00","0","0.0","0","0","0","0","0","0.0","0","","0","0.000","0","","1","100.0","0","","0","0","0.0","0","104.2","25.0","2.6","","","","100.0","0.48","0.3","1.9","1.4","0.2","0.34","1.4"
"99","Kendre Miller","NO","RB","7","2025","6","30.0","-4.5","-9","-9.2","2","0.3","10.5","0.33","2","100.0","9","1.3","9.7","1.50","4.50","4.50","18","9.00","10","5.00","0","0.0","0","0","0","0","1","7.1","2","1.00","0","0.000","0","","2","100.0","1","50.0","0","0","0.0","0","85.4","11.1","-1.2","","","","100.0","0.48","0.4","2.9","3.4","0.5","0.57","3.4"
"100","Rashee Rice","KC","WR","8","2025","1","100.0","-3.0","-3","100.0","1","0.1","100.0","1.00","1","100.0","9","1.1","100.0","9.00","9.00","9.00","12","12.00","2","2.00","0","0.0","0","0","0","0","1","100.0","0","","1","1.000","0","","1","100.0","0","","0","0","0.0","0","104.2","100.0","4.1","","","","100.0","1.90","0.2","1.9","1.6","0.2","1.65","1.6"
"101","Hassan Haskins","LAC","RB","11","2025","3","33.3","2.0","2","8.3","1","0.1","12.5","0.33","1","100.0","9","0.8","20.5","3.00","9.00","9.00","7","7.00","2","2.00","0","0.0","0","0","0","0","0","0.0","0","","0","0.000","0","","1","100.0","0","","0","0","0.0","0","104.2","16.7","2.6","","","","100.0","0.63","0.2","1.9","1.4","0.1","0.46","1.4"
"102","Jordan Whittington","LA","WR","17","2025","1","100.0","3.0","3","100.0","1","0.1","100.0","1.00","1","100.0","9","0.5","100.0","9.00","9.00","9.00","6","6.00","2","2.00","0","0.0","0","0","0","0","0","0.0","0","","0","0.000","0","","1","100.0","0","","0","0","0.0","0","104.2","100.0","3.6","","","","100.0","1.90","0.1","1.9","1.7","0.1","1.70","1.7"
"103","Tyler Goodson","IND","RB","11","2025","5","100.0","-1.0","-1","-3.2","1","0.1","20.0","0.20","1","100.0","8","0.7","11.1","1.60","8.00","8.00","9","9.00","1","1.00","0","0.0","0","0","0","0","0","0.0","0","","0","0.000","0","","1","100.0","0","","0","0","0.0","0","100.0","20.0","2.2","","","","100.0","0.36","0.2","1.8","1.5","0.1","0.30","1.5"
"104","Jaret Patterson","LAC","RB","6","2025","6","54.5","-0.5","-1","-1.4","2","0.3","28.6","0.33","2","100.0","7","1.2","14.0","1.17","3.50","3.50","8","4.00","3","1.50","0","0.0","0","0","0","0","1","20.0","0","","1","0.167","0","","2","100.0","0","","0","0","0.0","0","81.3","28.6","-2.3","","","","100.0","0.45","0.5","2.7","2.7","0.5","0.45","2.7"
"105","KaVontae Turpin","DAL","WR","15","2025","2","50.0","-1.0","-1","12.5","1","0.1","33.3","0.50","1","100.0","7","0.5","350.0","3.50","7.00","7.00","8","8.00","4","4.00","0","0.0","0","0","0","0","0","0.0","0","","0","0.000","0","","1","100.0","0","","0","0","0.0","0","95.8","33.3","0.8","","","","100.0","0.85","0.1","1.7","1.4","0.1","0.68","1.4"
"106","Evan Engram","DEN","TE","16","2025","3","75.0","0.0","0","0.0","1","0.1","33.3","0.33","1","100.0","7","0.4","58.3","2.33","7.00","7.00","7","7.00","3","3.00","0","0.0","0","0","0","0","1","33.3","0","","0","0.000","0","","1","100.0","0","","0","0","0.0","0","95.8","33.3","1.7","","","","100.0","0.57","0.1","1.7","1.4","0.1","0.47","1.4"
"107","Taysom Hill","NO","TE","13","2025","8","100.0","0.5","1","0.8","2","0.2","28.6","0.25","1","50.0","7","0.5","14.6","0.88","3.50","7.00","9","9.00","3","3.00","0","0.0","0","0","0","0","1","33.3","0","","0","0.000","1","50.0","2","100.0","0","","0","0","0.0","0","58.3","28.6","-2.1","","","","100.0","0.21","0.1","1.7","2.8","0.2","0.34","2.8"
"108","Evan Hull","NO","RB","6","2025","10","66.7","-3.0","-3","-3.5","1","0.2","8.3","0.10","1","100.0","6","1.0","4.9","0.60","6.00","6.00","9","9.00","1","1.00","0","0.0","0","0","0","0","0","0.0","0","","0","0.000","0","","1","100.0","0","","0","0","0.0","0","91.7","9.1","-0.1","","","","100.0","0.16","0.3","1.6","1.5","0.3","0.15","1.5"
"109","Rasheen Ali","BLT","RB","15","2025","12","75.0","1.0","1","1.2","1","0.1","11.1","0.08","1","100.0","6","0.4","8.3","0.50","6.00","6.00","5","5.00","1","1.00","0","0.0","0","0","0","0","0","0.0","0","","0","0.000","0","","1","100.0","0","","0","0","0.0","0","91.7","11.1","0.3","","","","100.0","0.13","0.1","1.6","1.3","0.1","0.10","1.3"
"110","Ameer Abdullah","IND","RB","13","2025","15","93.8","1.5","3","3.1","2","0.2","14.3","0.13","2","100.0","6","0.5","12.5","0.40","3.00","3.00","3","1.50","","","0","0.0","0","0","0","0","1","11.1","0","","0","0.000","0","","2","100.0","0","","1","1","100.0","0","79.2","16.7","-3.1","","","","100.0","0.17","0.2","2.6","2.6","0.2","0.17","2.6"
"111","Chris Rodriguez","WAS","RB","13","2025","24","68.6","2.0","2","0.8","1","0.1","3.2","0.04","1","100.0","6","0.5","2.0","0.25","6.00","6.00","4","4.00","1","1.00","0","0.0","0","0","0","0","0","0.0","0","","0","0.000","0","","1","100.0","0","","0","0","0.0","0","91.7","3.7","-0.4","","","","100.0","0.07","0.1","1.6","1.5","0.1","0.06","1.5"
"112","Brock Wright","DET","TE","11","2025","3","60.0","0.0","0","0.0","1","0.1","20.0","0.33","1","100.0","5","0.5","8.1","1.67","5.00","5.00","5","5.00","2","2.00","0","0.0","0","0","0","0","1","33.3","0","","1","0.333","0","","1","100.0","0","","0","0","0.0","0","87.5","25.0","-0.3","","","","100.0","0.50","0.1","1.5","1.5","0.1","0.51","1.5"
"113","Elijah Arroyo","SEA","TE","13","2025","1","100.0","1.0","1","100.0","1","0.1","100.0","1.00","1","100.0","5","0.4","100.0","5.00","5.00","5.00","4","4.00","1","1.00","0","0.0","0","0","0","0","1","100.0","0","","0","0.000","0","","1","100.0","0","","0","0","0.0","0","87.5","100.0","-0.8","","","","100.0","1.50","0.1","1.5","1.4","0.1","1.42","1.4"
"114","Dallas Goedert","PHI","TE","15","2025","1","100.0","1.0","1","100.0","1","0.1","100.0","1.00","1","100.0","5","0.3","100.0","5.00","5.00","5.00","4","4.00","1","1.00","0","0.0","0","0","0","0","1","100.0","0","","1","1.000","0","","1","100.0","0","","0","0","0.0","0","87.5","100.0","-0.8","","","","100.0","1.50","0.1","1.5","2.6","0.2","2.62","2.6"
"115","Jaydon Blue","DAL","RB","5","2025","5","62.5","-5.0","-5","-7.4","1","0.2","12.5","0.20","1","100.0","5","1.0","13.9","1.00","5.00","5.00","10","10.00","1","1.00","0","0.0","0","0","0","0","0","0.0","0","","0","0.000","0","","1","100.0","0","","0","0","0.0","0","87.5","12.5","-0.9","","","","100.0","0.30","0.3","1.5","1.4","0.3","0.27","1.4"
"116","Deebo Samuel","WAS","WR","16","2025","7","100.0","5.0","5","7.9","1","0.1","20.0","0.14","1","100.0","5","0.3","12.5","0.71","5.00","5.00","0","","","","0","0.0","0","0","0","0","0","0.0","0","","0","0.000","0","","1","100.0","0","","0","0","0.0","0","87.5","20.0","-1.4","","","","100.0","0.21","0.1","1.5","1.4","0.1","0.20","1.4"
"117","Brian Robinson","SF","RB","17","2025","12","66.7","2.5","5","4.1","2","0.1","11.8","0.17","1","50.0","4","0.2","3.4","0.33","2.00","4.00","1","1.00","1","1.00","0","0.0","1","0","0","0","1","7.1","0","","0","0.000","0","","2","100.0","0","","2","1","50.0","0","56.3","11.8","-4.5","","","","100.0","0.12","0.1","1.4","2.6","0.2","0.22","2.6"
"118","Marvin Mims","DEN","WR","15","2025","4","80.0","-2.0","-2","-10.0","1","0.1","20.0","0.25","1","100.0","4","0.3","11.1","1.00","4.00","4.00","6","6.00","2","2.00","0","0.0","0","0","0","0","1","33.3","0","","0","0.000","0","","1","100.0","0","","0","0","0.0","0","83.3","20.0","-1.5","","","","100.0","0.35","0.1","1.4","1.7","0.1","0.42","1.7"
"119","Trevor Etienne","CAR","RB","17","2025","2","50.0","1.0","1","5.9","1","0.1","25.0","0.50","1","100.0","4","0.2","44.4","2.00","4.00","4.00","3","3.00","","","0","0.0","0","0","0","0","0","0.0","0","","0","0.000","0","","1","100.0","0","","0","0","0.0","0","83.3","33.3","-1.7","","","","100.0","0.70","0.1","1.4","1.3","0.1","0.65","1.3"
"120","Trayveon Williams","LAC, CLV","RB","6","2025","8","72.7","-4.7","-14","-21.9","3","0.5","30.0","0.38","3","100.0","4","0.7","7.1","0.50","1.33","1.33","18","6.00","3","1.00","0","0.0","1","0","0","0","3","42.9","0","","0","0.000","0","","3","100.0","3","100.0","0","0","0.0","0","79.2","30.0","-4.1","","","","100.0","0.43","0.6","3.4","5.4","0.9","0.68","5.4"
"121","Elijah Higgins","ARZ","TE","17","2025","3","100.0","1.0","1","5.3","1","0.1","50.0","0.33","1","100.0","3","0.2","100.0","1.00","3.00","3.00","2","2.00","1","1.00","0","0.0","0","0","0","0","1","50.0","0","","0","0.000","0","","1","100.0","0","","0","0","0.0","0","79.2","50.0","-2.8","","","","100.0","0.43","0.1","1.3","1.6","0.1","0.53","1.6"
"122","Connor Heyward","PIT","TE","16","2025","1","50.0","-1.0","-1","100.0","1","0.1","100.0","1.00","1","100.0","3","0.2","100.0","3.00","3.00","3.00","4","4.00","","","0","0.0","0","0","0","0","1","100.0","0","","0","0.000","0","","1","100.0","1","100.0","0","0","0.0","0","79.2","100.0","-1.9","","","","100.0","1.30","0.1","1.3","1.2","0.1","1.16","1.2"
"123","Zaire Mitchell-Paden","BLT, NO","TE","8","2025","3","42.9","3.0","3","3.9","1","0.1","16.7","0.33","1","100.0","3","0.4","5.5","1.00","3.00","3.00","0","","","","0","0.0","0","0","0","0","0","0.0","0","","0","0.000","0","","1","100.0","0","","0","0","0.0","0","79.2","16.7","-3.3","","","","100.0","0.43","0.2","1.3","1.5","0.2","0.50","1.5"
"124","Ollie Gordon","MIA","RB","17","2025","27","55.1","-2.8","-11","-2.8","4","0.2","8.5","0.15","3","75.0","3","0.2","0.9","0.11","0.75","1.00","16","5.33","7","2.33","0","0.0","0","0","0","0","2","6.1","3","1.00","0","0.000","1","25.0","4","100.0","2","50.0","1","0","0.0","0","77.1","8.9","-4.9","","","","100.0","0.12","0.2","3.3","5.4","0.3","0.20","5.4"
"125","Austin Ekeler","WAS","RB","2","2025","3","27.3","9.5","19","17.9","2","1.0","22.2","0.67","1","50.0","3","1.5","5.8","1.00","1.50","3.00","6","6.00","2","2.00","0","0.0","0","0","0","1","0","0.0","0","","0","0.000","0","","1","50.0","0","","0","0","0.0","0","56.3","22.2","-7.5","","","","100.0","0.43","0.7","1.3","3.4","1.7","1.15","3.4"
"126","Dare Ogunbowale","HST","RB","17","2025","8","44.4","2.0","2","1.4","1","0.1","6.3","0.13","1","100.0","2","0.1","1.5","0.25","2.00","2.00","0","","","","0","0.0","0","0","0","0","0","0.0","0","","0","0.000","0","","1","100.0","0","","0","0","0.0","0","79.2","6.7","-4.4","","","","100.0","0.15","0.1","1.2","1.6","0.1","0.20","1.6"
"127","Dylan Sampson","CLV","RB","15","2025","21","75.0","-5.1","-36","-37.1","7","0.5","25.0","0.33","7","100.0","1","0.1","1.6","0.05","0.14","0.14","37","5.29","11","1.57","0","0.0","0","0","0","0","3","21.4","0","","1","0.048","0","","7","100.0","3","42.9","1","1","100.0","0","79.2","31.8","-5.3","","","","100.0","0.34","0.5","7.1","9.4","0.6","0.45","9.4"
"128","Dylan Laube","LV","RB","17","2025","1","100.0","-3.0","-3","100.0","1","0.1","100.0","1.00","1","100.0","1","0.1","100.0","1.00","1.00","1.00","4","4.00","1","1.00","0","0.0","0","0","0","0","0","0.0","0","","0","0.000","0","","1","100.0","0","","0","0","0.0","0","79.2","100.0","-5.1","","","","100.0","1.10","0.1","1.1","1.6","0.1","1.62","1.6"
"129","Brock Bowers","LV","TE","12","2025","1","100.0","-1.0","-1","100.0","1","0.1","100.0","1.00","1","100.0","-1","-0.1","100.0","-1.00","-1.00","-1.00","0","","","","0","0.0","0","0","0","0","1","100.0","0","","0","0.000","0","","1","100.0","0","","0","0","0.0","0","79.2","100.0","-5.9","","","","100.0","0.90","0.1","0.9","1.4","0.1","1.37","1.4"
"130","Jawhar Jordan","HST","RB","4","2025","3","50.0","-3.0","-3","-150.0","1","0.3","20.0","0.33","1","100.0","-2","-0.5","-15.4","-0.67","-2.00","-2.00","1","1.00","","","0","0.0","0","0","0","0","0","0.0","0","","0","0.000","0","","1","100.0","0","","0","0","0.0","0","79.2","20.0","-8.1","","","","100.0","0.27","0.2","0.8","1.5","0.4","0.51","1.5"
"131","Malik Washington","MIA","WR","17","2025","3","75.0","-4.0","-4","-23.5","1","0.1","25.0","0.33","1","100.0","-2","-0.1","-33.3","-0.67","-2.00","-2.00","2","2.00","1","1.00","0","0.0","0","0","0","0","0","0.0","0","","0","0.000","0","","1","100.0","0","","0","0","0.0","0","79.2","25.0","-6.5","","","","100.0","0.27","0.0","0.8","1.3","0.1","0.43","1.3"
"132","Sean Tucker","TB","RB","17","2025","10","66.7","-4.3","-17","-18.1","4","0.2","26.7","0.40","3","75.0","-4","-0.2","-4.9","-0.40","-1.00","-1.33","8","2.67","3","1.00","0","0.0","1","0","0","0","1","11.1","0","","0","0.000","1","25.0","4","100.0","1","25.0","0","0","0.0","0","77.1","26.7","-6.7","","","","100.0","0.26","0.2","2.6","6.6","0.4","0.66","6.6"
"133","Jaylin Noel","HST","WR","17","2025","1","100.0","0.0","0","0.0","0","0.0","0.0","","0","","0","0.0","0.0","","0.00","","0","","","","0","0.0","0","0","0","0","0","0.0","0","","0","0.000","0","","0","","0","","0","0","0.0","0","0.0","","","","","","100.0","0.00","","0.0","0.0","0.0","0.00","0.0"
"134","Davis Allen","LA","TE","17","2025","2","66.7","0.0","0","0.0","0","0.0","0.0","","0","","0","0.0","0.0","","0.00","","0","","","","0","0.0","0","0","0","0","0","0.0","0","","0","0.000","0","","0","","0","","0","0","0.0","0","0.0","","","","","","100.0","0.00","","0.0","0.0","0.0","0.00","0.0"
"135","Malachi Corley","CLV","WR","13","2025","3","100.0","0.0","0","0.0","0","0.0","0.0","","0","","0","0.0","0.0","","0.00","","0","","","","0","0.0","0","0","0","0","0","0.0","0","","0","0.000","0","","0","","0","","0","0","0.0","0","0.0","","","","","","100.0","0.00","","0.0","0.0","0.0","0.00","0.0"
"136","John FitzPatrick","GB","TE","15","2025","1","100.0","0.0","0","0.0","0","0.0","0.0","","0","","0","0.0","0.0","","0.00","","0","","","","0","0.0","0","0","0","0","0","0.0","0","","0","0.000","0","","0","","0","","0","0","0.0","0","0.0","","","","","","100.0","0.00","","0.0","1.5","0.1","1.46","1.5"
"137","D'Ernest Johnson","NE, ARZ","RB","6","2025","3","75.0","0.0","0","0.0","0","0.0","0.0","","0","","0","0.0","0.0","","0.00","","0","","","","0","0.0","0","0","0","0","0","0.0","0","","0","0.000","0","","0","","0","","0","0","0.0","0","0.0","","","","","","100.0","0.00","","0.0","0.0","0.0","0.00","0.0"
"138","Brittain Brown","CHI","RB","2","2025","1","100.0","0.0","0","0.0","0","0.0","0.0","","0","","0","0.0","0.0","","0.00","","0","","","","0","0.0","0","0","0","0","0","0.0","0","","0","0.000","0","","0","","0","","0","0","0.0","0","0.0","","","","","","100.0","0.00","","0.0","0.0","0.0","0.00","0.0"
"139","Josh Whyle","GB","TE","8","2025","1","100.0","0.0","0","0.0","0","0.0","0.0","","0","","0","0.0","0.0","","0.00","","0","","","","0","0.0","0","0","0","0","0","0.0","0","","0","0.000","0","","0","","0","","0","0","0.0","0","0.0","","","","","","100.0","0.00","","0.0","0.0","0.0","0.00","0.0"
"140","Dameon Pierce","HST, KC","RB","5","2025","5","71.4","-5.0","-5","-9.8","1","0.2","16.7","0.20","0","","0","0.0","0.0","","0.00","","0","","","","0","0.0","0","0","0","0","1","25.0","0","","0","0.000","1","100.0","1","100.0","0","","0","0","0.0","0","39.6","16.7","-5.9","","","","100.0","0.00","","0.0","1.9","0.4","0.37","1.9"
"141","Kene Nwangwu","NYJ","RB","10","2025","4","100.0","0.0","0","0.0","0","0.0","0.0","","0","","0","0.0","0.0","","0.00","","0","","","","0","0.0","0","0","0","0","0","0.0","0","","0","0.000","0","","0","","0","","0","0","0.0","0","0.0","","","","","","100.0","0.00","","0.0","0.0","0.0","0.00","0.0"
"142","Khalil Shakir","BUF","WR","16","2025","2","100.0","0.0","0","0.0","0","0.0","0.0","","0","","0","0.0","0.0","","0.00","","0","","","","0","0.0","0","0","0","0","0","0.0","0","","0","0.000","0","","0","","0","","0","0","0.0","0","0.0","","","","","","100.0","0.00","","0.0","0.0","0.0","0.00","0.0"
"143","Hunter Long","JAX","TE","9","2025","1","50.0","0.0","0","0.0","0","0.0","0.0","","0","","0","0.0","0.0","","0.00","","0","","","","0","0.0","0","0","0","0","0","0.0","0","","0","0.000","0","","0","","0","","0","0","0.0","0","0.0","","","","","","100.0","0.00","","0.0","0.0","0.0","0.00","0.0"
"144","Corey Kiner","ARZ","RB","4","2025","2","50.0","0.0","0","0.0","0","0.0","0.0","","0","","0","0.0","0.0","","0.00","","0","","","","0","0.0","0","0","0","0","0","0.0","0","","0","0.000","0","","0","","0","","0","0","0.0","0","0.0","","","","","","100.0","0.00","","0.0","0.0","0.0","0.00","0.0"
"145","Jared Wiley","KC","TE","4","2025","1","100.0","0.0","0","0.0","0","0.0","0.0","","0","","0","0.0","0.0","","0.00","","0","","","","0","0.0","0","0","0","0","0","0.0","0","","0","0.000","0","","0","","0","","0","0","0.0","0","0.0","","","","","","100.0","0.00","","0.0","0.0","0.0","0.00","0.0"
"146","Chimere Dike","TEN","WR","17","2025","2","100.0","0.0","0","0.0","0","0.0","0.0","","0","","0","0.0","0.0","","0.00","","0","","","","0","0.0","0","0","0","0","0","0.0","0","","0","0.000","0","","0","","0","","0","0","0.0","0","0.0","","","","","","100.0","0.00","","0.0","0.0","0.0","0.00","0.0"
"147","Charlie Woerner","ATL","TE","17","2025","15","57.7","0.0","0","0.0","0","0.0","0.0","","0","","0","0.0","0.0","","0.00","","0","","","","0","0.0","0","0","0","0","0","0.0","0","","0","0.000","0","","0","","0","","0","0","0.0","0","0.0","","","","","","100.0","0.00","","0.0","0.0","0.0","0.00","0.0"
"148","Ben Sinnott","WAS","TE","16","2025","1","50.0","0.0","0","0.0","0","0.0","0.0","","0","","0","0.0","0.0","","0.00","","0","","","","0","0.0","0","0","0","0","0","0.0","0","","0","0.000","0","","0","","0","","0","0","0.0","0","0.0","","","","","","100.0","0.00","","0.0","0.0","0.0","0.00","0.0"
"149","Treylon Burks","WAS","WR","8","2025","1","100.0","0.0","0","0.0","0","0.0","0.0","","0","","0","0.0","0.0","","0.00","","0","","","","0","0.0","0","0","0","0","0","0.0","0","","0","0.000","0","","0","","0","","0","0","0.0","0","0.0","","","","","","100.0","0.00","","0.0","0.0","0.0","0.00","0.0"
"150","Jake Ferguson","DAL","TE","17","2025","1","33.3","0.0","0","0.0","0","0.0","0.0","","0","","0","0.0","0.0","","0.00","","0","","","","0","0.0","0","0","0","0","0","0.0","0","","0","0.000","0","","0","","0","","0","0","0.0","0","0.0","","","","","","100.0","0.00","","0.0","0.0","0.0","0.00","0.0"
"151","Julian Hill","MIA","TE","14","2025","1","16.7","0.0","0","0.0","0","0.0","0.0","","0","","0","0.0","0.0","","0.00","","0","","","","0","0.0","0","0","0","0","0","0.0","0","","0","0.000","0","","0","","0","","0","0","0.0","0","0.0","","","","","","100.0","0.00","","0.0","0.0","0.0","0.00","0.0"
"152","Tank Bigsby","PHI, JAX","RB","16","2025","10","58.8","0.0","0","0.0","0","0.0","0.0","","0","","0","0.0","0.0","","0.00","","0","","","","0","0.0","0","0","0","0","0","0.0","0","","0","0.000","0","","0","","0","","0","0","0.0","0","0.0","","","","","","100.0","0.00","","0.0","0.0","0.0","0.00","0.0"
"153","Adam Thielen","MIN, PIT","WR","16","2025","1","100.0","0.0","0","0.0","0","0.0","0.0","","0","","0","0.0","0.0","","0.00","","0","","","","0","0.0","0","0","0","0","0","0.0","0","","0","0.000","0","","0","","0","","0","0","0.0","0","0.0","","","","","","100.0","0.00","","0.0","0.0","0.0","0.00","0.0"
"154","Tucker Fisk","LAC","TE","10","2025","1","50.0","0.0","0","0.0","0","0.0","0.0","","0","","0","0.0","0.0","","0.00","","0","","","","0","0.0","0","0","0","0","0","0.0","0","","0","0.000","0","","0","","0","","0","0","0.0","0","0.0","","","","","","100.0","0.00","","0.0","0.0","0.0","0.00","0.0"
"155","Noah Gray","KC","TE","16","2025","1","100.0","0.0","0","0.0","0","0.0","0.0","","0","","0","0.0","0.0","","0.00","","0","","","","0","0.0","0","0","0","0","0","0.0","0","","0","0.000","0","","0","","0","","0","0","0.0","0","0.0","","","","","","100.0","0.00","","0.0","0.0","0.0","0.00","0.0"
"156","Gunnar Helm","TEN","TE","16","2025","1","50.0","14.0","14","35.9","1","0.1","50.0","1.00","0","","0","0.0","0.0","","0.00","","0","","","","0","0.0","0","0","0","0","1","50.0","0","","0","0.000","0","","1","100.0","0","","0","0","0.0","0","39.6","50.0","-10.3","","","","100.0","0.00","","0.0","1.6","0.1","1.59","1.6"
"157","Jack Stoll","NO","TE","15","2025","3","60.0","0.0","0","0.0","0","0.0","0.0","","0","","0","0.0","0.0","","0.00","","0","","","","0","0.0","0","0","0","0","0","0.0","0","","0","0.000","0","","0","","0","","0","0","0.0","0","0.0","","","","","","100.0","0.00","","0.0","0.0","0.0","0.00","0.0"
"158","Owen Wright","TB","RB","3","2025","1","100.0","0.0","0","0.0","0","0.0","0.0","","0","","0","0.0","0.0","","0.00","","0","","","","0","0.0","0","0","0","0","0","0.0","0","","0","0.000","0","","0","","0","","0","0","0.0","0","0.0","","","","","","100.0","0.00","","0.0","0.0","0.0","0.00","0.0"
"159","Jayden Reed","GB","WR","7","2025","1","100.0","0.0","0","0.0","0","0.0","0.0","","0","","0","0.0","0.0","","0.00","","0","","","","0","0.0","0","0","0","0","0","0.0","0","","0","0.000","0","","0","","0","","0","0","0.0","0","0.0","","","","","","100.0","0.00","","0.0","0.0","0.0","0.00","0.0"
"160","Cade Otton","TB","TE","16","2025","1","33.3","0.0","0","0.0","0","0.0","0.0","","0","","0","0.0","0.0","","0.00","","0","","","","0","0.0","0","0","0","0","0","0.0","0","","0","0.000","0","","0","","0","","0","0","0.0","0","0.0","","","","","","100.0","0.00","","0.0","0.0","0.0","0.00","0.0"
"161","Theo Johnson","NYG","TE","15","2025","3","60.0","0.0","0","0.0","0","0.0","0.0","","0","","0","0.0","0.0","","0.00","","0","","","","0","0.0","0","0","0","0","0","0.0","0","","0","0.000","0","","0","","0","","0","0","0.0","0","0.0","","","","","","100.0","0.00","","0.0","0.0","0.0","0.00","0.0"
"162","Josh Downs","IND","WR","16","2025","1","100.0","0.0","0","0.0","0","0.0","0.0","","0","","0","0.0","0.0","","0.00","","0","","","","0","0.0","0","0","0","0","0","0.0","0","","0","0.000","0","","0","","0","","0","0","0.0","0","0.0","","","","","","100.0","0.00","","0.0","0.0","0.0","0.00","0.0"
"163","Wan'Dale Robinson","NYG","WR","16","2025","2","100.0","3.0","3","100.0","1","0.1","50.0","0.50","0","","0","0.0","0.0","","0.00","","0","","","","0","0.0","0","0","0","0","1","100.0","0","","0","0.000","0","","1","100.0","0","","1","0","0.0","0","39.6","100.0","-5.4","","","","100.0","0.00","","0.0","1.4","0.1","0.68","1.4"
"164","Raheim Sanders","CLV","RB","4","2025","3","60.0","3.0","3","8.1","1","0.3","33.3","0.33","0","","0","0.0","0.0","","0.00","","0","","","","0","0.0","0","0","0","0","0","0.0","0","","0","0.000","0","","0","","0","","0","0","0.0","0","39.6","33.3","-6.5","","","","100.0","0.00","","0.0","1.4","0.3","0.46","1.4"
"165","David Martin-Robinson","TEN","TE","15","2025","1","100.0","0.0","0","0.0","0","0.0","0.0","","0","","0","0.0","0.0","","0.00","","0","","","","0","0.0","0","0","0","0","0","0.0","0","","0","0.000","0","","0","","0","","0","0","0.0","0","0.0","","","","","","100.0","0.00","","0.0","0.0","0.0","0.00","0.0"
"166","Greg Dortch","ARZ","WR","12","2025","2","100.0","0.0","0","0.0","0","0.0","0.0","","0","","0","0.0","0.0","","0.00","","0","","","","0","0.0","0","0","0","0","0","0.0","0","","0","0.000","0","","0","","0","","0","0","0.0","0","0.0","","","","","","100.0","0.00","","0.0","0.0","0.0","0.00","0.0"
"167","Rashod Bateman","BLT","WR","13","2025","1","100.0","0.0","0","0.0","0","0.0","0.0","","0","","0","0.0","0.0","","0.00","","0","","","","0","0.0","0","0","0","0","0","0.0","0","","0","0.000","0","","0","","0","","0","0","0.0","0","0.0","","","","","","100.0","0.00","","0.0","0.0","0.0","0.00","0.0"
"168","Marquise Brown","KC","WR","16","2025","1","100.0","0.0","0","0.0","0","0.0","0.0","","0","","0","0.0","0.0","","0.00","","0","","","","0","0.0","0","0","0","0","0","0.0","0","","0","0.000","0","","0","","0","","0","0","0.0","0","0.0","","","","","","100.0","0.00","","0.0","0.0","0.0","0.00","0.0"
"169","Travis Hunter","JAX","WR","7","2025","3","100.0","2.0","2","-28.6","1","0.1","33.3","0.33","0","","0","0.0","0.0","","0.00","","0","","","","0","0.0","0","0","0","0","0","0.0","0","","0","0.000","0","","0","","0","","0","0","0.0","0","39.6","33.3","-5.3","","","","100.0","0.00","","0.0","1.4","0.2","0.46","1.4"
"170","Noah Fant","CIN","TE","15","2025","2","100.0","0.0","0","0.0","0","0.0","0.0","","0","","0","0.0","0.0","","0.00","","0","","","","0","0.0","0","0","0","0","0","0.0","0","","0","0.000","0","","0","","0","","0","0","0.0","0","0.0","","","","","","100.0","0.00","","0.0","0.0","0.0","0.00","0.0"
"171","DJ Giddens","IND","RB","9","2025","2","40.0","0.0","0","0.0","0","0.0","0.0","","0","","0","0.0","0.0","","0.00","","0","","","","0","0.0","0","0","0","0","0","0.0","0","","0","0.000","0","","0","","0","","0","0","0.0","0","0.0","","","","","","100.0","0.00","","0.0","0.0","0.0","0.00","0.0"
"172","Daniel Bellinger","NYG","TE","16","2025","7","50.0","10.0","10","8.4","1","0.1","11.1","0.14","0","","0","0.0","0.0","","0.00","","0","","","","0","0.0","0","0","0","0","0","0.0","0","","0","0.000","0","","0","","0","","0","0","0.0","0","39.6","12.5","-7.8","","","","100.0","0.00","","0.0","1.4","0.1","0.20","1.4"
"173","Oronde Gadsden","LAC","TE","15","2025","2","100.0","0.0","0","0.0","0","0.0","0.0","","0","","0","0.0","0.0","","0.00","","0","","","","0","0.0","0","0","0","0","0","0.0","0","","0","0.000","0","","0","","0","","0","0","0.0","0","0.0","","","","","","100.0","0.00","","0.0","0.0","0.0","0.00","0.0"
"174","Brashard Smith","KC","RB","17","2025","13","86.7","-2.5","-5","-5.7","2","0.1","16.7","0.15","2","100.0","0","0.0","0.0","","0.00","","5","2.50","2","1.00","0","0.0","0","0","0","0","2","25.0","0","","0","0.000","0","","2","100.0","1","50.0","0","0","0.0","0","79.2","20.0","-6.2","","","","100.0","0.15","0.1","2.0","3.2","0.2","0.24","3.2"
"175","Jeremy Ruckert","NYJ","TE","17","2025","1","100.0","0.0","0","0.0","0","0.0","0.0","","0","","0","0.0","0.0","","0.00","","0","","","","0","0.0","0","0","0","0","0","0.0","0","","0","0.000","0","","0","","0","","0","0","0.0","0","0.0","","","","","","100.0","0.00","","0.0","0.0","0.0","0.00","0.0"
"176","Cedrick Wilson","MIA","WR","10","2025","1","100.0","0.0","0","0.0","0","0.0","0.0","","0","","0","0.0","0.0","","0.00","","0","","","","0","0.0","0","0","0","0","0","0.0","0","","0","0.000","0","","0","","0","","0","0","0.0","0","0.0","","","","","","100.0","0.00","","0.0","0.0","0.0","0.00","0.0"
"177","Kylen Granson","PHI","TE","17","2025","1","100.0","0.0","0","0.0","0","0.0","0.0","","0","","0","0.0","0.0","","0.00","","0","","","","0","0.0","0","0","0","0","0","0.0","0","","0","0.000","0","","0","","0","","0","0","0.0","0","0.0","","","","","","100.0","0.00","","0.0","0.0","0.0","0.00","0.0"
"178","Khalil Herbert","NYJ","RB","5","2025","6","60.0","0.0","0","0.0","0","0.0","0.0","","0","","0","0.0","0.0","","0.00","","0","","","","0","0.0","0","0","0","0","0","0.0","0","","0","0.000","0","","0","","0","","0","0","0.0","0","0.0","","","","","","100.0","0.00","","0.0","0.0","0.0","0.00","0.0"
"179","Parker Washington","JAX","WR","16","2025","1","100.0","0.0","0","0.0","0","0.0","0.0","","0","","0","0.0","0.0","","0.00","","0","","","","0","0.0","0","0","0","0","0","0.0","0","","0","0.000","0","","0","","0","","0","0","0.0","0","0.0","","","","","","100.0","0.00","","0.0","0.0","0.0","0.00","0.0"
"180","Calvin Austin","PIT","WR","14","2025","1","100.0","0.0","0","0.0","0","0.0","0.0","","0","","0","0.0","0.0","","0.00","","0","","","","0","0.0","0","0","0","0","0","0.0","0","","0","0.000","0","","0","","0","","0","0","0.0","0","0.0","","","","","","100.0","0.00","","0.0","0.0","0.0","0.00","0.0"
"181","AJ Dillon","PHI","RB","7","2025","4","57.1","0.0","0","0.0","0","0.0","0.0","","0","","0","0.0","0.0","","0.00","","0","","","","0","0.0","0","0","0","0","0","0.0","0","","0","0.000","0","","0","","0","","0","0","0.0","0","0.0","","","","","","100.0","0.00","","0.0","0.0","0.0","0.00","0.0"
"182","Dawson Knox","BUF","TE","17","2025","2","50.0","0.0","0","0.0","0","0.0","0.0","","0","","0","0.0","0.0","","0.00","","0","","","","0","0.0","0","0","0","0","0","0.0","0","","0","0.000","0","","0","","0","","0","0","0.0","0","0.0","","","","","","100.0","0.00","","0.0","0.0","0.0","0.00","0.0"
"183","Zach Horton","DET","TE","2","2025","1","50.0","0.0","0","0.0","0","0.0","0.0","","0","","0","0.0","0.0","","0.00","","0","","","","0","0.0","0","0","0","0","0","0.0","0","","0","0.000","0","","0","","0","","0","0","0.0","0","0.0","","","","","","100.0","0.00","","0.0","0.0","0.0","0.00","0.0"
"184","Malik Davis","DAL","RB","10","2025","8","50.0","2.0","2","1.1","1","0.1","6.3","0.13","0","","0","0.0","0.0","","0.00","","0","","","","0","0.0","0","0","0","0","0","0.0","0","","0","0.000","1","100.0","1","100.0","0","","1","0","0.0","0","39.6","7.1","-6.4","","","","100.0","0.00","","0.0","1.3","0.1","0.16","1.3"
"185","Sam LaPorta","DET","TE","9","2025","1","100.0","0.0","0","0.0","0","0.0","0.0","","0","","0","0.0","0.0","","0.00","","0","","","","0","0.0","0","0","0","0","0","0.0","0","","0","0.000","0","","0","","0","","0","0","0.0","0","0.0","","","","","","100.0","0.00","","0.0","0.0","0.0","0.00","0.0"
"186","Julius Chestnut","TEN","RB","17","2025","5","62.5","0.0","0","0.0","0","0.0","0.0","","0","","0","0.0","0.0","","0.00","","0","","","","0","0.0","0","0","0","0","0","0.0","0","","0","0.000","0","","0","","0","","0","0","0.0","0","0.0","","","","","","100.0","0.00","","0.0","0.0","0.0","0.00","0.0"
"187","Kalel Mullings","TEN","RB","5","2025","2","50.0","0.0","0","0.0","0","0.0","0.0","","0","","0","0.0","0.0","","0.00","","0","","","","0","0.0","0","0","0","0","0","0.0","0","","0","0.000","0","","0","","0","","0","0","0.0","0","0.0","","","","","","100.0","0.00","","0.0","0.0","0.0","0.00","0.0"
"188","Elijah Mitchell","KC","RB","1","2025","2","100.0","22.0","22","95.7","1","1.0","50.0","0.50","0","","0","0.0","0.0","","0.00","","0","","","","0","0.0","0","1","0","1","0","0.0","0","","0","0.000","0","","0","","0","","0","0","0.0","0","0.0","50.0","-11.9","","","","100.0","0.00","","0.0","3.7","3.7","1.87","3.7"
"189","Clyde Edwards-Helaire","KC","RB","2","2025","2","100.0","0.0","0","0.0","0","0.0","0.0","","0","","0","0.0","0.0","","0.00","","0","","","","0","0.0","0","0","0","0","0","0.0","0","","0","0.000","0","","0","","0","","0","0","0.0","0","0.0","","","","","","100.0","0.00","","0.0","0.0","0.0","0.00","0.0"
"190","T.J. Hockenson","MIN","TE","15","2025","1","100.0","-3.0","-3","100.0","1","0.1","100.0","1.00","0","","0","0.0","0.0","","0.00","","0","","","","0","0.0","0","0","0","0","1","100.0","0","","0","0.000","1","100.0","1","100.0","0","","0","0","0.0","0","39.6","100.0","-5.9","","","","100.0","0.00","","0.0","1.5","0.1","1.54","1.5"
"191","DeMario Douglas","NE","WR","17","2025","1","100.0","0.0","0","0.0","0","0.0","0.0","","0","","0","0.0","0.0","","0.00","","0","","","","0","0.0","0","0","0","0","0","0.0","0","","0","0.000","0","","0","","0","","0","0","0.0","0","0.0","","","","","","100.0","0.00","","0.0","0.0","0.0","0.00","0.0"
"192","Blake Whiteheart","CLV","TE","16","2025","1","50.0","0.0","0","0.0","0","0.0","0.0","","0","","0","0.0","0.0","","0.00","","0","","","","0","0.0","0","0","0","0","0","0.0","0","","0","0.000","0","","0","","0","","0","0","0.0","0","0.0","","","","","","100.0","0.00","","0.0","0.0","0.0","0.00","0.0"
"193","Antonio Gibson","NE","RB","5","2025","5","62.5","6.0","6","11.5","1","0.2","20.0","0.20","0","","0","0.0","0.0","","0.00","","0","","","","0","0.0","0","0","0","0","0","0.0","0","","0","0.000","0","","1","100.0","0","","0","0","0.0","0","39.6","25.0","-7.7","","","","100.0","0.00","","0.0","1.2","0.2","0.25","1.2"
"194","Tommy Tremble","CAR","TE","17","2025","3","75.0","0.0","0","0.0","0","0.0","0.0","","0","","0","0.0","0.0","","0.00","","0","","","","0","0.0","0","0","0","0","0","0.0","0","","0","0.000","0","","0","","0","","0","0","0.0","0","0.0","","","","","","100.0","0.00","","0.0","0.0","0.0","0.00","0.0"
"195","Nate Adkins","DEN","TE","9","2025","1","100.0","0.0","0","0.0","0","0.0","0.0","","0","","0","0.0","0.0","","0.00","","0","","","","0","0.0","0","0","0","0","0","0.0","0","","0","0.000","0","","0","","0","","0","0","0.0","0","0.0","","","","","","100.0","0.00","","0.0","0.0","0.0","0.00","0.0"
"196","George Kittle","SF","TE","11","2025","1","100.0","0.0","0","0.0","0","0.0","0.0","","0","","0","0.0","0.0","","0.00","","0","","","","0","0.0","0","0","0","0","0","0.0","0","","0","0.000","0","","0","","0","","0","0","0.0","0","0.0","","","","","","100.0","0.00","","0.0","0.0","0.0","0.00","0.0"
"197","Travis Homer","CHI","RB","8","2025","2","100.0","0.0","0","0.0","0","0.0","0.0","","0","","0","0.0","0.0","","0.00","","0","","","","0","0.0","0","0","0","0","0","0.0","0","","0","0.000","0","","0","","0","","0","0","0.0","0","0.0","","","","","","100.0","0.00","","0.0","0.0","0.0","0.00","0.0"
"198","Elijah Moore","BUF","WR","9","2025","1","100.0","0.0","0","0.0","0","0.0","0.0","","0","","0","0.0","0.0","","0.00","","0","","","","0","0.0","0","0","0","0","0","0.0","0","","0","0.000","0","","0","","0","","0","0","0.0","0","0.0","","","","","","100.0","0.00","","0.0","0.0","0.0","0.00","0.0"
"199","Derius Davis","LAC","WR","11","2025","1","100.0","0.0","0","0.0","0","0.0","0.0","","0","","0","0.0","0.0","","0.00","","0","","","","0","0.0","0","0","0","0","0","0.0","0","","0","0.000","0","","0","","0","","0","0","0.0","0","0.0","","","","","","100.0","0.00","","0.0","0.0","0.0","0.00","0.0"
"200","Chig Okonkwo","TEN","TE","17","2025","1","33.3","0.0","0","0.0","0","0.0","0.0","","0","","0","0.0","0.0","","0.00","","0","","","","0","0.0","0","0","0","0","0","0.0","0","","0","0.000","0","","0","","0","","0","0","0.0","0","0.0","","","","","","100.0","0.00","","0.0","0.0","0.0","0.00","0.0"
"201","Cameron Latu","PHI","TE","15","2025","2","40.0","0.0","0","0.0","0","0.0","0.0","","0","","0","0.0","0.0","","0.00","","0","","","","0","0.0","0","0","0","0","0","0.0","0","","0","0.000","0","","0","","0","","0","0","0.0","0","0.0","","","","","","100.0","0.00","","0.0","0.0","0.0","0.00","0.0"
"202","Harold Fannin","CLV","TE","16","2025","2","100.0","0.0","0","0.0","0","0.0","0.0","","0","","0","0.0","0.0","","0.00","","0","","","","0","0.0","0","0","0","0","0","0.0","0","","0","0.000","0","","0","","0","","0","0","0.0","0","0.0","","","","","","100.0","0.00","","0.0","0.0","0.0","0.00","0.0"
"203","AJ Barner","SEA","TE","17","2025","3","100.0","4.0","4","18.2","1","0.1","33.3","0.33","0","","0","0.0","0.0","","0.00","","0","","","","0","0.0","0","0","0","0","0","0.0","0","","0","0.000","0","","0","","0","","0","0","0.0","0","39.6","33.3","-6.1","","","","100.0","0.00","","0.0","1.3","0.1","0.44","1.3"
"204","Jimmy Horn","CAR","WR","13","2025","1","100.0","0.0","0","0.0","0","0.0","0.0","","0","","0","0.0","0.0","","0.00","","0","","","","0","0.0","0","0","0","0","0","0.0","0","","0","0.000","0","","0","","0","","0","0","0.0","0","0.0","","","","","","100.0","0.00","","0.0","0.0","0.0","0.00","0.0"
"205","Raheem Mostert","LV","RB","12","2025","18","72.0","-3.0","-9","-4.7","3","0.3","13.0","0.17","3","100.0","0","0.0","0.0","","0.00","","9","3.00","1","0.33","0","0.0","0","0","0","0","1","6.3","2","0.67","0","0.000","0","","3","100.0","1","33.3","0","0","0.0","0","79.2","13.6","-5.5","","","","100.0","0.17","0.3","3.0","3.9","0.3","0.21","3.9"
"206","Pharaoh Brown","ARZ","TE","7","2025","1","100.0","0.0","0","0.0","0","0.0","0.0","","0","","0","0.0","0.0","","0.00","","0","","","","0","0.0","0","0","0","0","0","0.0","0","","0","0.000","0","","0","","0","","0","0","0.0","0","0.0","","","","","","100.0","0.00","","0.0","0.0","0.0","0.00","0.0"